3;ğŸ˜‚;\U0001f602;Emoji;14622;0.805100583;3614;4163;6845;3;face with tears of joy
1446;â¤;\u2764;Emoji;8050;0.746943086;355;1334;6361;1446;red heart
1984;â™¥;\u2665;Emoji;7144;0.753806008;252;1942;4950;1984;heart suit
13;ğŸ˜;\U0001f60d;Emoji;6359;0.765292366;329;1390;4640;13;smiling face with heart-eyes
56;ğŸ˜­;\U0001f62d;Emoji;5526;0.803351976;2412;1218;1896;56;loudly crying face
14;ğŸ˜˜;\U0001f618;Emoji;3648;0.854480172;193;702;2753;14;face blowing a kiss
10;ğŸ˜Š;\U0001f60a;Emoji;3186;0.813302436;189;754;2243;10;smiling face with smiling eyes
1322;ğŸ‘Œ;\U0001f44c;Emoji;2925;0.805222883;274;728;1923;1322;OK hand
1449;ğŸ’•;\U0001f495;Emoji;2400;0.765725889;99;683;1618;1449;two hearts
1388;ğŸ‘;\U0001f44f;Emoji;2336;0.787130164;243;634;1459;1388;clapping hands
2;ğŸ˜;\U0001f601;Emoji;2189;0.796151187;278;648;1263;2;beaming face with smiling eyes
18;â˜º;\u263a;Emoji;2062;0.798633582;128;449;1485;18;smiling face
861;â™¡;\u2661;Additional Character;1975;0.763695423;102;448;1425;861;WHITE HEART SUIT
1328;ğŸ‘;\U0001f44d;Emoji;1854;0.812125626;213;460;1181;1328;thumbs up
60;ğŸ˜©;\U0001f629;Emoji;1808;0.826213985;1069;336;403;60;weary face
1412;ğŸ™;\U0001f64f;Emoji;1539;0.793847592;124;648;767;1412;folded hands
1280;âœŒ;\u270c;Emoji;1534;0.790480332;173;476;885;1280;victory hand
28;ğŸ˜;\U0001f60f;Emoji;1522;0.764977294;170;676;676;28;smirking face
9;ğŸ˜‰;\U0001f609;Emoji;1521;0.844832651;151;513;857;9;winking face
1400;ğŸ™Œ;\U0001f64c;Emoji;1506;0.790600034;152;358;996;1400;raising hands
105;ğŸ™ˆ;\U0001f648;Emoji;1456;0.738880937;238;350;868;105;see-no-evil monkey
1238;ğŸ’ª;\U0001f4aa;Emoji;1409;0.806704098;101;424;884;1238;flexed biceps
6;ğŸ˜„;\U0001f604;Emoji;1398;0.794972621;191;426;781;6;grinning face with smiling eyes
42;ğŸ˜’;\U0001f612;Emoji;1385;0.857620553;819;266;300;42;unamused face
870;ğŸ’ƒ;\U0001f483;Emoji;1344;0.852764705;59;237;1048;870;woman dancing
1450;ğŸ’–;\U0001f496;Emoji;1263;0.762239109;54;254;955;1450;sparkling heart
5;ğŸ˜ƒ;\U0001f603;Emoji;1206;0.734782211;86;361;759;5;grinning face with big eyes
44;ğŸ˜”;\U0001f614;Emoji;1205;0.86614594;559;263;383;44;pensive face
64;ğŸ˜±;\U0001f631;Emoji;1130;0.773313178;298;319;513;64;face screaming in fear
1936;ğŸ‰;\U0001f389;Emoji;1125;0.743635879;43;207;875;1936;party popper
39;ğŸ˜œ;\U0001f61c;Emoji;1035;0.822246602;115;333;587;39;winking face with tongue
2204;â˜¯;\u262f;Emoji;992;0.383524015;5;981;6;2204;yin yang
1600;ğŸŒ¸;\U0001f338;Emoji;946;0.570021571;37;255;654;1600;cherry blossom
1456;ğŸ’œ;\U0001f49c;Emoji;939;0.730869962;41;241;657;1456;purple heart
1452;ğŸ’™;\U0001f499;Emoji;912;0.703047577;29;186;697;1452;blue heart
1934;âœ¨;\u2728;Emoji;848;0.560430162;43;463;342;1934;sparkles
65;ğŸ˜³;\U0001f633;Emoji;846;0.797185814;277;277;292;65;flushed face
1451;ğŸ’—;\U0001f497;Emoji;836;0.799725947;42;201;593;1451;growing heart
800;â˜…;\u2605;Additional Character;828;0.353316599;25;543;260;800;BLACK STAR
694;â–ˆ;\u2588;Additional Character;798;0.634172164;71;682;45;694;FULL BLOCK
1898;â˜€;\u2600;Emoji;786;0.54553079;21;377;388;1898;sun
68;ğŸ˜¡;\U0001f621;Emoji;756;0.861522028;403;81;272;68;pouting face
12;ğŸ˜;\U0001f60e;Emoji;754;0.76564387;79;224;451;12;smiling face with sunglasses
55;ğŸ˜¢;\U0001f622;Emoji;749;0.813896833;288;168;293;55;crying face
1444;ğŸ’‹;\U0001f48b;Emoji;734;0.800580592;28;169;537;1444;kiss mark
11;ğŸ˜‹;\U0001f60b;Emoji;734;0.76498518;33;203;498;11;face savoring food
107;ğŸ™Š;\U0001f64a;Emoji;725;0.740523086;97;197;431;107;speak-no-evil monkey
36;ğŸ˜´;\U0001f634;Emoji;718;0.849922938;303;170;245;36;sleeping face
2001;ğŸ¶;\U0001f3b6;Emoji;701;0.797255889;67;189;445;2001;musical notes
1459;ğŸ’;\U0001f49e;Emoji;687;0.828705997;27;123;537;1459;revolving hearts
37;ğŸ˜Œ;\U0001f60c;Emoji;665;0.847121229;93;157;415;37;relieved face
1927;ğŸ”¥;\U0001f525;Emoji;651;0.61555041;80;400;171;1927;fire
2295;ğŸ’¯;\U0001f4af;Emoji;637;0.871819418;179;202;256;2295;hundred points
2132;ğŸ”«;\U0001f52b;Emoji;604;0.893761284;298;126;180;2132;pistol
1454;ğŸ’›;\U0001f49b;Emoji;602;0.751631631;25;123;454;1454;yellow heart
708;ğŸ’;\U0001f481;Emoji;549;0.839628793;105;159;285;708;person tipping hand
1453;ğŸ’š;\U0001f49a;Emoji;537;0.737498972;41;101;395;1453;green heart
867;â™«;\u266b;Additional Character;533;0.396607039;33;313;187;867;BEAMED EIGHTH NOTES
52;ğŸ˜;\U0001f61e;Emoji;532;0.825187832;255;85;192;52;disappointed face
8;ğŸ˜†;\U0001f606;Emoji;527;0.809376422;81;148;298;8;grinning squinting face
40;ğŸ˜;\U0001f61d;Emoji;496;0.808808972;65;155;276;40;squinting face with tongue
34;ğŸ˜ª;\U0001f62a;Emoji;482;0.858219873;208;105;169;34;sleepy face
2507;ï¿½;\ufffd;Additional Character;472;0.11293316;78;275;119;2507;REPLACEMENT CHARACTER
35;ğŸ˜«;\U0001f62b;Emoji;467;0.839517641;227;81;159;35;tired face
7;ğŸ˜…;\U0001f605;Emoji;462;0.827654572;135;109;218;7;grinning face with sweat
1346;ğŸ‘Š;\U0001f44a;Emoji;458;0.824515864;121;111;226;1346;oncoming fist
89;ğŸ’€;\U0001f480;Emoji;456;0.739462262;214;123;119;89;skull
1;ğŸ˜€;\U0001f600;Emoji;439;0.786284933;37;114;288;1;grinning face
17;ğŸ˜š;\U0001f61a;Emoji;424;0.853414944;20;81;323;17;kissing face with closed eyes
99;ğŸ˜»;\U0001f63b;Emoji;417;0.729665769;28;101;288;99;smiling cat face with heart-eyes
2279;Â©;\u00a9;Emoji;416;0.740148376;54;259;103;2279;copyright
1438;ğŸ‘€;\U0001f440;Emoji;410;0.759422009;93;198;119;1438;eyes
1445;ğŸ’˜;\U0001f498;Emoji;395;0.785036942;18;87;290;1445;heart with arrow
1558;ğŸ“;\U0001f413;Emoji;384;0.490808466;41;291;52;1558;rooster
1705;â˜•;\u2615;Emoji;382;0.685215074;53;182;147;1705;hot beverage
1370;ğŸ‘‹;\U0001f44b;Emoji;382;0.797944108;60;103;219;1370;waving hand
1316;âœ‹;\u270b;Emoji;378;0.838291817;124;82;172;1316;raised hand
1937;ğŸŠ;\U0001f38a;Emoji;363;0.72362175;20;59;284;1937;confetti ball
1660;ğŸ•;\U0001f355;Emoji;352;0.544580757;19;166;167;1660;pizza
1923;â„;\u2744;Emoji;349;0.760181984;34;103;212;1923;snowflake
30;ğŸ˜¥;\U0001f625;Emoji;341;0.881976694;108;83;150;30;sad but relieved face
45;ğŸ˜•;\U0001f615;Emoji;340;0.856711865;205;66;69;45;confused face
1466;ğŸ’¥;\U0001f4a5;Emoji;329;0.587206232;23;234;72;1466;collision
1448;ğŸ’”;\U0001f494;Emoji;328;0.835831574;136;96;96;1448;broken heart
54;ğŸ˜¤;\U0001f624;Emoji;327;0.884007985;157;82;88;54;face with steam from nose
85;ğŸ˜ˆ;\U0001f608;Emoji;325;0.762497655;66;106;153;85;smiling face with horns
740;â–º;\u25ba;Additional Character;325;0.516489206;40;192;93;740;BLACK RIGHT-POINTING POINTER
1835;âœˆ;\u2708;Emoji;322;0.521940266;13;161;148;1835;airplane
2198;ğŸ”;\U0001f51d;Emoji;303;0.798433666;26;106;171;2198;TOP arrow
63;ğŸ˜°;\U0001f630;Emoji;302;0.919654285;132;44;126;63;anxious face with sweat
1955;âš½;\u26bd;Emoji;299;0.193496177;15;83;201;1955;soccer ball
25;ğŸ˜‘;\U0001f611;Emoji;299;0.844272967;154;85;60;25;expressionless face
1498;ğŸ‘‘;\U0001f451;Emoji;298;0.698804832;12;65;221;1498;crown
98;ğŸ˜¹;\U0001f639;Emoji;295;0.8074145;88;77;130;98;cat face with tears of joy
1250;ğŸ‘‰;\U0001f449;Emoji;292;0.559175629;20;137;135;1250;backhand index pointing right
1620;ğŸƒ;\U0001f343;Emoji;291;0.572324349;29;122;140;1620;leaf fluttering in wind
1945;ğŸ;\U0001f381;Emoji;288;0.709181399;11;45;232;1945;wrapped gift
69;ğŸ˜ ;\U0001f620;Emoji;288;0.849218089;163;49;76;69;angry face
1563;ğŸ§;\U0001f427;Emoji;284;0.540408727;11;131;142;1563;penguin
801;â˜†;\u2606;Additional Character;282;0.563398192;8;144;130;801;WHITE STAR
1617;ğŸ€;\U0001f340;Emoji;278;0.768496291;6;186;86;1617;four leaf clover
1935;ğŸˆ;\U0001f388;Emoji;277;0.718504213;4;68;205;1935;balloon
528;ğŸ…;\U0001f385;Emoji;274;0.800786662;7;172;95;528;Santa Claus
43;ğŸ˜“;\U0001f613;Emoji;273;0.844887359;118;59;96;43;downcast face with sweat
29;ğŸ˜£;\U0001f623;Emoji;271;0.903307721;147;35;89;29;persevering face
24;ğŸ˜;\U0001f610;Emoji;270;0.882732825;150;76;44;24;neutral face
1340;âœŠ;\u270a;Emoji;270;0.858608998;37;79;154;1340;raised fist
59;ğŸ˜¨;\U0001f628;Emoji;269;0.813687927;117;73;79;59;fearful face
51;ğŸ˜–;\U0001f616;Emoji;268;0.868926665;130;50;88;51;confounded face
1463;ğŸ’¤;\U0001f4a4;Emoji;267;0.800461854;38;91;138;1463;zzz
1447;ğŸ’“;\U0001f493;Emoji;259;0.783045488;15;55;189;1447;beating heart
1334;ğŸ‘;\U0001f44e;Emoji;258;0.914491346;128;51;79;1334;thumbs down
1467;ğŸ’¦;\U0001f4a6;Emoji;252;0.779043752;35;62;155;1467;sweat droplets
2259;âœ”;\u2714;Emoji;249;0.565237075;31;119;99;2259;heavy check mark
71;ğŸ˜·;\U0001f637;Emoji;246;0.840376534;117;54;75;71;face with medical mask
1922;âš¡;\u26a1;Emoji;246;0.778780762;10;182;54;1922;high voltage
726;ğŸ™‹;\U0001f64b;Emoji;236;0.732500422;30;60;146;726;person raising hand
1931;ğŸ„;\U0001f384;Emoji;236;0.632526433;15;79;142;1931;Christmas tree
95;ğŸ’©;\U0001f4a9;Emoji;229;0.839720048;94;68;67;95;pile of poo
2000;ğŸµ;\U0001f3b5;Emoji;223;0.71526961;23;64;136;2000;musical note
2180;â¡;\u27a1;Emoji;222;0.478330444;2;185;35;2180;right arrow
38;ğŸ˜›;\U0001f61b;Emoji;220;0.734419263;18;50;152;38;face with tongue
62;ğŸ˜¬;\U0001f62c;Emoji;214;0.793679841;57;58;99;62;grimacing face
882;ğŸ‘¯;\U0001f46f;Emoji;211;0.742043843;24;69;118;882;people with bunny ears
1507;ğŸ’;\U0001f48e;Emoji;209;0.694054736;11;68;130;1507;gem stone
1615;ğŸŒ¿;\U0001f33f;Emoji;208;0.600120585;1;125;82;1615;herb
1695;ğŸ‚;\U0001f382;Emoji;201;0.747999917;16;44;141;1695;birthday cake
1902;ğŸŒŸ;\U0001f31f;Emoji;199;0.654510913;11;111;77;1902;glowing star
2150;ğŸ”®;\U0001f52e;Emoji;199;0.333161733;6;133;60;2150;crystal ball
2277;â—;\u2757;Emoji;198;0.620120854;31;116;51;2277;exclamation mark
1195;ğŸ‘«;\U0001f46b;Emoji;197;0.664270589;43;60;94;1195;man and woman holding hands
1950;ğŸ†;\U0001f3c6;Emoji;194;0.705937446;6;39;149;1950;trophy
2260;âœ–;\u2716;Emoji;193;0.514517152;8;116;69;2260;heavy multiplication x
1256;â˜;\u261d;Emoji;191;0.7597726;27;77;87;1256;index pointing up
16;ğŸ˜™;\U0001f619;Emoji;191;0.875675106;3;34;154;16;kissing face with smiling eyes
1925;â›„;\u26c4;Emoji;191;0.738724736;14;62;115;1925;snowman without snow
1442;ğŸ‘…;\U0001f445;Emoji;190;0.738179133;23;55;112;1442;tongue
866;â™ª;\u266a;Additional Character;190;0.696314423;15;57;118;866;EIGHTH NOTE
1619;ğŸ‚;\U0001f342;Emoji;189;0.634540658;6;72;111;1619;fallen leaf
1198;ğŸ’;\U0001f48f;Emoji;185;0.72895246;33;46;106;1198;kiss
1721;ğŸ”ª;\U0001f52a;Emoji;183;0.764046479;38;94;51;1721;kitchen knife
1612;ğŸŒ´;\U0001f334;Emoji;178;0.675890052;13;57;108;1612;palm tree
1244;ğŸ‘ˆ;\U0001f448;Emoji;174;0.701409121;14;71;89;1244;backhand index pointing left
1603;ğŸŒ¹;\U0001f339;Emoji;172;0.664431116;3;61;108;1603;rose
690;ğŸ™†;\U0001f646;Emoji;171;0.839916616;15;54;102;690;person gesturing OK
1057;âœ;\u279c;Additional Character;170;0.558506642;8;126;36;1057;HEAVY ROUND-TIPPED RIGHTWARDS ARROW
91;ğŸ‘»;\U0001f47b;Emoji;168;0.740824428;28;73;67;91;ghost
2067;ğŸ’°;\U0001f4b0;Emoji;168;0.827466509;26;73;69;2067;money bag
1713;ğŸ»;\U0001f37b;Emoji;165;0.745306588;17;45;103;1713;clinking beer mugs
672;ğŸ™…;\U0001f645;Emoji;165;0.838871886;76;47;42;672;person gesturing NO
1900;ğŸŒ;\U0001f31e;Emoji;162;0.709366196;3;64;95;1900;sun with face
1618;ğŸ;\U0001f341;Emoji;161;0.62398169;5;72;84;1618;maple leaf
1901;â­;\u2b50;Emoji;159;0.600764348;5;55;99;1901;white medium star
2335;â–ª;\u25aa;Emoji;159;0.145166872;15;97;47;2335;black small square
1944;ğŸ€;\U0001f380;Emoji;156;0.651799025;6;44;106;1944;ribbon
559;â”;\u2501;Additional Character;156;0.540249825;14;100;42;559;BOX DRAWINGS HEAVY HORIZONTAL
837;â˜·;\u2637;Additional Character;154;0.012407833;2;140;12;837;TRIGRAM FOR EARTH
1531;ğŸ·;\U0001f437;Emoji;152;0.6026825;11;73;68;1531;pig face
106;ğŸ™‰;\U0001f649;Emoji;150;0.757694988;26;47;77;106;hear-no-evil monkey
1605;ğŸŒº;\U0001f33a;Emoji;150;0.629472896;2;62;86;1605;hibiscus
1419;ğŸ’…;\U0001f485;Emoji;149;0.755747604;27;36;86;1419;nail polish
1511;ğŸ¶;\U0001f436;Emoji;148;0.654155755;12;37;99;1511;dog face
1894;ğŸŒš;\U0001f31a;Emoji;148;0.759894657;23;32;93;1894;new moon face
92;ğŸ‘½;\U0001f47d;Emoji;146;0.612456875;13;73;60;92;alien
2005;ğŸ¤;\U0001f3a4;Emoji;144;0.67089174;17;40;87;2005;microphone
1197;ğŸ‘­;\U0001f46d;Emoji;144;0.667223526;20;36;88;1197;two women holding hands
2006;ğŸ§;\U0001f3a7;Emoji;142;0.842970526;18;46;78;2006;headphone
1262;ğŸ‘†;\U0001f446;Emoji;138;0.78746414;16;60;62;1262;backhand index pointing up
1710;ğŸ¸;\U0001f378;Emoji;138;0.662604118;12;38;88;1710;cocktail glass
1709;ğŸ·;\U0001f377;Emoji;137;0.603671624;7;68;62;1709;wine glass
2280;Â®;\u00ae;Emoji;137;0.353084876;9;80;48;2280;registered
1623;ğŸ‰;\U0001f349;Emoji;136;0.647778999;10;33;93;1623;watermelon
77;ğŸ˜‡;\U0001f607;Emoji;135;0.781831331;9;36;90;77;smiling face with halo
2258;â˜‘;\u2611;Emoji;135;0.690061863;2;117;16;2258;ballot box with check
852;ğŸƒ;\U0001f3c3;Emoji;135;0.735256148;12;55;68;852;person running
103;ğŸ˜¿;\U0001f63f;Emoji;134;0.811560707;78;29;27;103;crying cat face
560;â”‚;\u2502;Additional Character;134;0.483180302;0;87;47;560;BOX DRAWINGS LIGHT VERTICAL
1465;ğŸ’£;\U0001f4a3;Emoji;131;0.846726927;40;50;41;1465;bomb
1712;ğŸº;\U0001f37a;Emoji;131;0.68156608;8;49;74;1712;beer mug
2227;â–¶;\u25b6;Emoji;131;0.498359177;7;89;35;2227;play button
48;ğŸ˜²;\U0001f632;Emoji;129;0.853619885;50;38;41;48;astonished face
2009;ğŸ¸;\U0001f3b8;Emoji;125;0.605443071;1;57;67;2009;guitar
1711;ğŸ¹;\U0001f379;Emoji;123;0.764164553;5;30;88;1711;tropical drink
1469;ğŸ’«;\U0001f4ab;Emoji;121;0.614437663;4;51;66;1469;dizzy
2056;ğŸ“š;\U0001f4da;Emoji;119;0.69163189;22;34;63;2056;books
26;ğŸ˜¶;\U0001f636;Emoji;117;0.868667638;50;34;33;26;face without mouth
1608;ğŸŒ·;\U0001f337;Emoji;116;0.623397976;0;52;64;1608;tulip
1458;ğŸ’;\U0001f49d;Emoji;115;0.774410045;8;23;84;1458;heart with ribbon
1468;ğŸ’¨;\U0001f4a8;Emoji;115;0.711396809;12;46;57;1468;dashing away
1959;ğŸˆ;\U0001f3c8;Emoji;114;0.823010837;7;38;69;1959;american football
1506;ğŸ’;\U0001f48d;Emoji;112;0.807520998;16;25;71;1506;ring
1920;â˜”;\u2614;Emoji;111;0.687353164;21;36;54;1920;umbrella with rain drops
438;ğŸ‘¸;\U0001f478;Emoji;111;0.654472403;6;30;75;438;princess
4103;ğŸ‡ª;\U0001f1ea;Additional Character;109;0.698877291;2;36;71;4103;REGIONAL INDICATOR SYMBOL LETTER E
703;â–‘;\u2591;Additional Character;108;0.439438477;25;63;20;703;LIGHT SHADE
1693;ğŸ©;\U0001f369;Emoji;107;0.708816106;15;35;57;1693;doughnut
93;ğŸ‘¾;\U0001f47e;Emoji;105;0.55188131;1;64;40;93;alien monster
1904;â˜;\u2601;Emoji;104;0.595923185;14;43;47;1904;cloud
1606;ğŸŒ»;\U0001f33b;Emoji;104;0.607167343;1;41;62;1606;sunflower
67;ğŸ˜µ;\U0001f635;Emoji;103;0.808813841;33;28;42;67;dizzy face
2058;ğŸ“’;\U0001f4d2;Emoji;102;0.473944671;0;98;4;2058;ledger
184;â†¿;\u21bf;Additional Character;102;0.710504202;0;34;68;184;UPWARDS HARPOON WITH BARB LEFTWARDS
1519;ğŸ¯;\U0001f42f;Emoji;100;0.549561832;4;43;53;1519;tiger face
522;ğŸ‘¼;\U0001f47c;Emoji;99;0.683210618;17;31;51;522;baby angel
1658;ğŸ”;\U0001f354;Emoji;98;0.636878313;16;38;44;1658;hamburger
97;ğŸ˜¸;\U0001f638;Emoji;97;0.782035657;11;34;52;97;grinning cat face with smiling eyes
108;ğŸ‘¶;\U0001f476;Emoji;96;0.745048578;13;27;56;108;baby
183;â†¾;\u21be;Additional Character;96;0.707142857;0;32;64;183;UPWARDS HARPOON WITH BARB RIGHTWARDS
1599;ğŸ’;\U0001f490;Emoji;95;0.727586517;3;17;75;1599;bouquet
1929;ğŸŒŠ;\U0001f30a;Emoji;95;0.779832163;8;30;57;1929;water wave
1690;ğŸ¦;\U0001f366;Emoji;95;0.630275908;13;24;58;1690;soft ice cream
1633;ğŸ“;\U0001f353;Emoji;94;0.689469367;3;23;68;1633;strawberry
1274;ğŸ‘‡;\U0001f447;Emoji;94;0.557020638;13;44;37;1274;backhand index pointing down
798;ğŸ’†;\U0001f486;Emoji;92;0.814023638;24;23;45;798;person getting massage
1719;ğŸ´;\U0001f374;Emoji;92;0.580197926;4;33;55;1719;fork and knife
58;ğŸ˜§;\U0001f627;Emoji;92;0.774990088;36;26;30;58;anguished face
4117;ğŸ‡¸;\U0001f1f8;Additional Character;91;0.654691493;8;27;56;4117;REGIONAL INDICATOR SYMBOL LETTER S
31;ğŸ˜®;\U0001f62e;Emoji;90;0.774237435;16;33;41;31;face with open mouth
705;â–“;\u2593;Additional Character;90;0.658247473;2;85;3;705;DARK SHADE
2168;ğŸš«;\U0001f6ab;Emoji;88;0.702937729;48;32;8;2168;prohibited
101;ğŸ˜½;\U0001f63d;Emoji;88;0.754242708;11;14;63;101;kissing cat face
1917;ğŸŒˆ;\U0001f308;Emoji;88;0.671884074;5;31;52;1917;rainbow
102;ğŸ™€;\U0001f640;Emoji;88;0.790729154;14;30;44;102;weary cat face
2165;âš ;\u26a0;Emoji;88;0.489084942;16;62;10;2165;warning
1980;ğŸ®;\U0001f3ae;Emoji;86;0.467430446;8;32;46;1980;video game
669;â•¯;\u256f;Additional Character;84;0.506910946;19;47;18;669;BOX DRAWINGS LIGHT ARC UP AND LEFT
1638;ğŸ†;\U0001f346;Emoji;84;0.7185031;6;37;41;1638;eggplant
1696;ğŸ°;\U0001f370;Emoji;84;0.78250627;13;19;52;1696;shortcake
984;âœ“;\u2713;Additional Character;84;0.627535601;9;41;34;984;CHECK MARK
1394;ğŸ‘;\U0001f450;Emoji;83;0.875981032;33;19;31;1394;open hands
744;ğŸ™‡;\U0001f647;Emoji;83;0.794293941;24;23;36;744;person bowing
1659;ğŸŸ;\U0001f35f;Emoji;83;0.650433666;14;29;40;1659;french fries
1626;ğŸŒ;\U0001f34c;Emoji;82;0.540634157;10;25;47;1626;banana
1202;ğŸ’‘;\U0001f491;Emoji;82;0.682682631;5;16;61;1202;couple with heart
1196;ğŸ‘¬;\U0001f46c;Emoji;82;0.622239773;29;29;24;1196;two men holding hands
1559;ğŸ£;\U0001f423;Emoji;81;0.775650511;12;17;52;1559;hatching chick
1930;ğŸƒ;\U0001f383;Emoji;81;0.723541282;6;19;56;1930;jack-o-lantern
728;â–¬;\u25ac;Additional Character;81;0.33474298;0;42;39;728;BLACK RECTANGLE
2506;ï¿¼;\ufffc;Additional Character;81;0.308958013;44;33;4;2506;OBJECT REPLACEMENT CHARACTER
53;ğŸ˜Ÿ;\U0001f61f;Emoji;80;0.824309355;28;18;34;53;worried face
1555;ğŸ¾;\U0001f43e;Emoji;78;0.738983384;8;13;57;1555;paw prints
1501;ğŸ“;\U0001f393;Emoji;77;0.647134355;7;18;52;1501;graduation cap
1028;ğŸŠ;\U0001f3ca;Emoji;77;0.65309632;2;27;48;1028;person swimming
1698;ğŸ«;\U0001f36b;Emoji;76;0.792701023;22;20;34;1698;chocolate bar
2037;ğŸ“·;\U0001f4f7;Emoji;76;0.489732992;7;28;41;2037;camera
1443;ğŸ‘„;\U0001f444;Emoji;75;0.591674278;5;28;42;1443;mouth
1607;ğŸŒ¼;\U0001f33c;Emoji;74;0.603679109;1;12;61;1607;blossom
834;ğŸš¶;\U0001f6b6;Emoji;74;0.796900446;28;29;17;834;person walking
1516;ğŸ±;\U0001f431;Emoji;73;0.544447706;10;14;49;1516;cat face
639;â•‘;\u2551;Additional Character;73;0.568238107;0;62;11;639;BOX DRAWINGS DOUBLE VERTICAL
1568;ğŸ¸;\U0001f438;Emoji;72;0.845772164;24;30;18;1568;frog face
4119;ğŸ‡º;\U0001f1fa;Additional Character;71;0.682892538;8;15;48;4119;REGIONAL INDICATOR SYMBOL LETTER U
86;ğŸ‘¿;\U0001f47f;Emoji;70;0.910730779;47;15;8;86;angry face with horns
2145;ğŸš¬;\U0001f6ac;Emoji;70;0.805066327;8;16;46;2145;cigarette
1021;âœ¿;\u273f;Additional Character;70;0.49871007;2;38;30;1021;BLACK FLORETTE
2052;ğŸ“–;\U0001f4d6;Emoji;68;0.709941199;18;20;30;2052;open book
1509;ğŸ’;\U0001f412;Emoji;68;0.639847887;1;29;38;1509;monkey
1723;ğŸŒ;\U0001f30d;Emoji;68;0.623864265;5;16;47;1723;globe showing Europe-Africa
568;â”Š;\u250a;Additional Character;68;0.681885417;0;0;68;568;BOX DRAWINGS LIGHT QUADRUPLE DASH VERTICAL
1561;ğŸ¥;\U0001f425;Emoji;67;0.779887133;4;18;45;1561;front-facing baby chick
1916;ğŸŒ€;\U0001f300;Emoji;66;0.553405789;10;39;17;1916;cyclone
1554;ğŸ¼;\U0001f43c;Emoji;66;0.614422004;4;40;22;1554;panda face
2032;ğŸ¥;\U0001f3a5;Emoji;66;0.675875827;8;30;28;2032;movie camera
1505;ğŸ’„;\U0001f484;Emoji;66;0.636585295;6;24;36;1505;lipstick
2072;ğŸ’¸;\U0001f4b8;Emoji;66;0.790337996;16;23;27;2072;money with wings
2167;â›”;\u26d4;Emoji;65;0.405987251;5;22;38;2167;no entry
759;â—;\u25cf;Additional Character;65;0.561224463;8;37;20;759;BLACK CIRCLE
1957;ğŸ€;\U0001f3c0;Emoji;64;0.807196812;13;21;30;1957;basketball
2143;ğŸ’‰;\U0001f489;Emoji;64;0.749555976;11;18;35;2143;syringe
1460;ğŸ’Ÿ;\U0001f49f;Emoji;63;0.787621444;3;12;48;1460;heart decoration
1809;ğŸš—;\U0001f697;Emoji;62;0.638133891;8;31;23;1809;automobile
33;ğŸ˜¯;\U0001f62f;Emoji;62;0.859007902;16;22;24;33;hushed face
2096;ğŸ“;\U0001f4dd;Emoji;62;0.794711655;8;31;23;2096;memo
638;â•;\u2550;Additional Character;62;0.441188106;0;61;1;638;BOX DRAWINGS DOUBLE HORIZONTAL
1985;â™¦;\u2666;Emoji;61;0.562227083;6;20;35;1985;diamond suit
1473;ğŸ’­;\U0001f4ad;Emoji;60;0.687954711;10;27;23;1473;thought balloon
1893;ğŸŒ™;\U0001f319;Emoji;58;0.669389528;3;16;39;1893;crescent moon
1580;ğŸŸ;\U0001f41f;Emoji;58;0.676573608;2;12;44;1580;fish
1437;ğŸ‘£;\U0001f463;Emoji;58;0.638779151;6;25;27;1437;footprints
819;â˜;\u261e;Additional Character;58;0.725402078;0;51;7;819;WHITE RIGHT POINTING INDEX
2116;âœ‚;\u2702;Emoji;58;0.810271779;34;18;6;2116;scissors
2148;ğŸ—¿;\U0001f5ff;Emoji;58;0.941936907;5;21;32;2148;moai
1680;ğŸ;\U0001f35d;Emoji;57;0.56442207;16;18;23;1680;spaghetti
1206;ğŸ‘ª;\U0001f46a;Emoji;57;0.653303852;24;10;23;1206;family
1700;ğŸ­;\U0001f36d;Emoji;57;0.632538929;9;21;27;1700;lollipop
1770;ğŸŒƒ;\U0001f303;Emoji;56;0.747623603;3;27;26;1770;night with stars
2261;âŒ;\u274c;Emoji;56;0.612998;14;12;30;2261;cross mark
1547;ğŸ°;\U0001f430;Emoji;55;0.707516692;4;13;38;1547;rabbit face
2144;ğŸ’Š;\U0001f48a;Emoji;55;0.675071279;8;14;33;2144;pill
1822;ğŸš¨;\U0001f6a8;Emoji;55;0.520959173;6;6;43;1822;police car light
57;ğŸ˜¦;\U0001f626;Emoji;54;0.882218595;30;15;9;57;frowning face with open mouth
1694;ğŸª;\U0001f36a;Emoji;54;0.736575166;10;16;28;1694;cookie
1683;ğŸ£;\U0001f363;Emoji;53;0.669970061;24;18;11;1683;sushi
667;â•­;\u256d;Additional Character;53;0.490077251;3;38;12;667;BOX DRAWINGS LIGHT ARC DOWN AND RIGHT
1000;âœ§;\u2727;Additional Character;53;0.398520727;1;33;19;1000;WHITE FOUR POINTED STAR
1932;ğŸ†;\U0001f386;Emoji;52;0.798520237;2;9;41;1932;fireworks
668;â•®;\u256e;Additional Character;52;0.422827361;5;35;12;668;BOX DRAWINGS LIGHT ARC DOWN AND LEFT
1940;ğŸ;\U0001f38e;Emoji;51;0.417134709;0;2;49;1940;Japanese dolls
4102;ğŸ‡©;\U0001f1e9;Additional Character;51;0.74501238;1;16;34;4102;REGIONAL INDICATOR SYMBOL LETTER D
2257;âœ…;\u2705;Emoji;51;0.672789014;3;23;25;2257;white heavy check mark
87;ğŸ‘¹;\U0001f479;Emoji;49;0.70117277;13;20;16;87;ogre
2014;ğŸ“±;\U0001f4f1;Emoji;49;0.719713336;4;25;20;2014;mobile phone
636;ğŸ™;\U0001f64d;Emoji;49;0.844922892;29;8;12;636;person frowning
1631;ğŸ‘;\U0001f351;Emoji;49;0.739305631;12;12;25;1631;peach
1999;ğŸ¼;\U0001f3bc;Emoji;49;0.636141803;2;28;19;1999;musical score
1993;ğŸ”Š;\U0001f50a;Emoji;49;0.651738713;4;20;25;1993;speaker high volume
1777;ğŸŒŒ;\U0001f30c;Emoji;47;0.750586217;5;11;31;1777;milky way
1628;ğŸ;\U0001f34e;Emoji;47;0.75089759;6;19;22;1628;red apple
1552;ğŸ»;\U0001f43b;Emoji;47;0.691609267;6;13;28;1552;bear face
558;â”€;\u2500;Additional Character;47;0.711348374;0;40;7;558;BOX DRAWINGS LIGHT HORIZONTAL
670;â•°;\u2570;Additional Character;47;0.509745612;7;36;4;670;BOX DRAWINGS LIGHT ARC UP AND RIGHT
816;ğŸ’‡;\U0001f487;Emoji;46;0.678429189;7;16;23;816;person getting haircut
868;â™¬;\u266c;Additional Character;46;0.677442137;4;26;16;868;BEAMED SIXTEENTH NOTES
855;â™š;\u265a;Additional Character;46;0.389194579;0;44;2;855;BLACK CHESS KING
2355;ğŸ”´;\U0001f534;Emoji;45;0.655928061;1;24;20;2355;red circle
1674;ğŸ±;\U0001f371;Emoji;45;0.58000953;25;10;10;1674;bento box
1624;ğŸŠ;\U0001f34a;Emoji;45;0.697299999;6;13;26;1624;tangerine
1632;ğŸ’;\U0001f352;Emoji;45;0.619434077;6;18;21;1632;cherries
1543;ğŸ­;\U0001f42d;Emoji;45;0.822545804;0;12;33;1543;mouse face
1494;ğŸ‘Ÿ;\U0001f45f;Emoji;45;0.561642541;5;15;25;1494;running shoe
1724;ğŸŒ;\U0001f30e;Emoji;44;0.743438616;5;19;20;1724;globe showing Americas
1627;ğŸ;\U0001f34d;Emoji;44;0.583336287;7;8;29;1627;pineapple
1527;ğŸ®;\U0001f42e;Emoji;43;0.846658768;2;12;29;1527;cow face
2015;ğŸ“²;\U0001f4f2;Emoji;43;0.598172133;7;18;18;2015;mobile phone with arrow
839;â˜¼;\u263c;Additional Character;43;0.461142875;2;30;11;839;WHITE SUN WITH RAYS
1772;ğŸŒ…;\U0001f305;Emoji;42;0.603551051;6;14;22;1772;sunrise
4116;ğŸ‡·;\U0001f1f7;Additional Character;42;0.716327847;1;10;31;4116;REGIONAL INDICATOR SYMBOL LETTER R
1495;ğŸ‘ ;\U0001f460;Emoji;42;0.637243017;6;14;22;1495;high-heeled shoe
1641;ğŸŒ½;\U0001f33d;Emoji;42;0.648931091;5;12;25;1641;ear of corn
1928;ğŸ’§;\U0001f4a7;Emoji;41;0.76764795;20;8;13;1928;droplet
2274;â“;\u2753;Emoji;41;0.614920844;7;24;10;2274;question mark
1699;ğŸ¬;\U0001f36c;Emoji;41;0.784072191;8;9;24;1699;candy
96;ğŸ˜º;\U0001f63a;Emoji;40;0.825897808;8;7;25;96;grinning cat face
1522;ğŸ´;\U0001f434;Emoji;40;0.795776393;8;21;11;1522;horse face
1845;ğŸš€;\U0001f680;Emoji;40;0.698479931;2;15;23;1845;rocket
1;Â¦;\u00a6;Additional Character;40;0.402048475;7;1;32;1;BROKEN BAR
1464;ğŸ’¢;\U0001f4a2;Emoji;40;0.560644274;6;18;16;1464;anger symbol
2035;ğŸ¬;\U0001f3ac;Emoji;40;0.650028961;2;24;14;2035;clapper board
1691;ğŸ§;\U0001f367;Emoji;40;0.674847866;9;9;22;1691;shaved ice
1679;ğŸœ;\U0001f35c;Emoji;40;0.577916931;9;5;26;1679;steaming bowl
1535;ğŸ;\U0001f40f;Emoji;40;0.975591533;2;12;26;1535;ram
1541;ğŸ˜;\U0001f418;Emoji;40;0.722256768;9;21;10;1541;elephant
126;ğŸ‘§;\U0001f467;Emoji;40;0.649498717;10;14;16;126;girl
1090;â €;\u2800;Additional Character;40;0.377950694;6;26;8;1090;BRAILLE PATTERN BLANK
992;ğŸ„;\U0001f3c4;Emoji;39;0.772893432;2;13;24;992;person surfing
1064;â¤;\u27a4;Additional Character;39;0.382195298;0;26;13;1064;BLACK RIGHTWARDS ARROWHEAD
2178;â¬†;\u2b06;Emoji;39;0.605681579;1;25;13;2178;up arrow
1625;ğŸ‹;\U0001f34b;Emoji;38;0.742802859;6;16;16;1625;lemon
2313;ğŸ†—;\U0001f197;Emoji;38;0.852316542;6;4;28;2313;OK button
2353;âšª;\u26aa;Emoji;37;0.564780444;0;19;18;2353;white circle
2036;ğŸ“º;\U0001f4fa;Emoji;37;0.61386867;3;16;18;2036;television
1635;ğŸ…;\U0001f345;Emoji;37;0.838126825;9;5;23;1635;tomato
1905;â›…;\u26c5;Emoji;37;0.61632427;4;11;22;1905;sun behind cloud
1570;ğŸ¢;\U0001f422;Emoji;37;0.621646684;6;17;14;1570;turtle
1486;ğŸ‘™;\U0001f459;Emoji;37;0.697202004;3;11;23;1486;bikini
1745;ğŸ¡;\U0001f3e1;Emoji;36;0.744478613;5;9;22;1745;house with garden
1614;ğŸŒ¾;\U0001f33e;Emoji;36;0.558280959;5;5;26;1614;sheaf of rice
753;â—‰;\u25c9;Additional Character;36;0.046697697;0;26;10;753;FISHEYE
2090;âœ;\u270f;Emoji;35;0.625100023;3;16;16;2090;pencil
1579;ğŸ¬;\U0001f42c;Emoji;35;0.74664334;2;15;18;1579;dolphin
1684;ğŸ¤;\U0001f364;Emoji;35;0.513142123;6;21;8;1684;fried shrimp
4118;ğŸ‡¹;\U0001f1f9;Additional Character;35;0.584324615;0;13;22;4118;REGIONAL INDICATOR SYMBOL LETTER T
1986;â™£;\u2663;Emoji;35;0.666096972;4;14;17;1986;club suit
1593;ğŸ;\U0001f41d;Emoji;35;0.734687255;5;17;13;1593;honeybee
1899;ğŸŒ;\U0001f31d;Emoji;34;0.718124589;5;17;12;1899;full moon face
4107;ğŸ‡®;\U0001f1ee;Additional Character;34;0.575925963;0;12;22;4107;REGIONAL INDICATOR SYMBOL LETTER I
2020;ğŸ”‹;\U0001f50b;Emoji;34;0.583005086;22;8;4;2020;battery
1572;ğŸ;\U0001f40d;Emoji;34;0.622534826;3;15;16;1572;snake
849;â™”;\u2654;Additional Character;34;0.588904318;0;14;20;849;WHITE CHESS KING
1667;ğŸ³;\U0001f373;Emoji;33;0.798473001;13;6;14;1667;cooking
2356;ğŸ”µ;\U0001f535;Emoji;33;0.680543536;4;14;15;2356;blue circle
104;ğŸ˜¾;\U0001f63e;Emoji;33;0.914644696;20;5;8;104;pouting cat face
1889;ğŸŒ•;\U0001f315;Emoji;33;0.641921506;3;7;23;1889;full moon
1553;ğŸ¨;\U0001f428;Emoji;33;0.696298274;4;9;20;1553;koala
2123;ğŸ”;\U0001f510;Emoji;33;0.845213961;6;9;18;2123;locked with key
2030;ğŸ’¿;\U0001f4bf;Emoji;33;0.444466092;0;11;22;2030;optical disk
1023;â;\u2741;Additional Character;33;0.492535753;0;31;2;1023;EIGHT PETALLED OUTLINED BLACK FLORETTE
1611;ğŸŒ³;\U0001f333;Emoji;32;0.536180131;2;11;19;1611;deciduous tree
504;ğŸ‘°;\U0001f470;Emoji;32;0.787391801;3;9;20;504;bride with veil
1022;â€;\u2740;Additional Character;32;0.443664362;0;18;14;1022;WHITE FLORETTE
1827;âš“;\u2693;Emoji;32;0.592872704;2;8;22;1827;anchor
1082;ğŸš´;\U0001f6b4;Emoji;32;0.573441922;0;9;23;1082;person biking
686;â–€;\u2580;Additional Character;32;0.249971192;10;17;5;686;UPPER HALF BLOCK
1484;ğŸ‘—;\U0001f457;Emoji;31;0.703059819;5;13;13;1484;dress
2263;â•;\u2795;Emoji;31;0.034111266;4;5;22;2263;heavy plus sign
1470;ğŸ’¬;\U0001f4ac;Emoji;30;0.635322751;4;10;16;1470;speech balloon
704;â–’;\u2592;Additional Character;30;0.5006455;2;27;1;704;MEDIUM SHADE
2197;ğŸ”œ;\U0001f51c;Emoji;30;0.606237062;5;11;14;2197;SOON arrow
1692;ğŸ¨;\U0001f368;Emoji;30;0.656537195;8;7;15;1692;ice cream
2076;ğŸ’²;\U0001f4b2;Emoji;30;0.793676272;0;22;8;2076;heavy dollar sign
1821;â›½;\u26fd;Emoji;30;0.287349631;1;23;6;1821;fuel pump
1676;ğŸ™;\U0001f359;Emoji;29;0.566487361;5;10;14;1676;rice ball
1655;ğŸ—;\U0001f357;Emoji;29;0.674706178;9;9;11;1655;poultry leg
1669;ğŸ²;\U0001f372;Emoji;29;0.672925496;7;11;11;1669;pot of food
1685;ğŸ¥;\U0001f365;Emoji;29;0.57963379;22;4;3;1685;fish cake with swirl
738;â–¸;\u25b8;Additional Character;29;0.516844972;0;22;7;738;BLACK RIGHT-POINTING SMALL TRIANGLE
856;â™›;\u265b;Additional Character;29;0.48995855;4;15;10;856;BLACK CHESS QUEEN
100;ğŸ˜¼;\U0001f63c;Emoji;28;0.855991066;5;7;16;100;cat face with wry smile
1584;ğŸ™;\U0001f419;Emoji;28;0.677637628;2;12;14;1584;octopus
138;ğŸ‘¨;\U0001f468;Emoji;28;0.693754806;2;8;18;138;man
1677;ğŸš;\U0001f35a;Emoji;28;0.636903275;6;2;20;1677;cooked rice
1654;ğŸ–;\U0001f356;Emoji;28;0.678553575;7;10;11;1654;meat on bone
1776;â™¨;\u2668;Emoji;28;0.664942237;0;1;27;1776;hot springs
2010;ğŸ¹;\U0001f3b9;Emoji;28;0.466337612;0;17;11;2010;musical keyboard
850;â™•;\u2655;Additional Character;28;0.621310417;0;16;12;850;WHITE CHESS QUEEN
689;â–ƒ;\u2583;Additional Character;28;0.373188406;0;0;28;689;LOWER THREE EIGHTHS BLOCK
1810;ğŸš˜;\U0001f698;Emoji;27;0.649502793;8;9;10;1810;oncoming automobile
1629;ğŸ;\U0001f34f;Emoji;27;0.85243179;7;11;9;1629;green apple
144;ğŸ‘©;\U0001f469;Emoji;27;0.731773327;9;7;11;144;woman
120;ğŸ‘¦;\U0001f466;Emoji;27;0.606457886;5;13;9;120;boy
4105;ğŸ‡¬;\U0001f1ec;Additional Character;27;0.582061343;2;15;10;4105;REGIONAL INDICATOR SYMBOL LETTER G
4100;ğŸ‡§;\U0001f1e7;Additional Character;27;0.595070874;2;15;10;4100;REGIONAL INDICATOR SYMBOL LETTER B
90;â˜ ;\u2620;Emoji;27;0.748862198;7;14;6;90;skull and crossbones
1581;ğŸ ;\U0001f420;Emoji;26;0.767680777;4;6;16;1581;tropical fish
2156;ğŸš¹;\U0001f6b9;Emoji;26;0.811646698;1;4;21;2156;menâ€™s room
2069;ğŸ’µ;\U0001f4b5;Emoji;26;0.806506343;3;9;14;2069;dollar banknote
1008;âœ°;\u2730;Additional Character;26;0.19481227;0;3;23;1008;SHADOWED WHITE STAR
654;â• ;\u2560;Additional Character;26;0.542511882;0;20;6;654;BOX DRAWINGS DOUBLE VERTICAL AND RIGHT
1488;ğŸ‘›;\U0001f45b;Emoji;25;0.696359786;4;7;14;1488;purse
1811;ğŸš™;\U0001f699;Emoji;25;0.653234313;5;14;6;1811;sport utility vehicle
1609;ğŸŒ±;\U0001f331;Emoji;25;0.561338235;0;9;16;1609;seedling
2022;ğŸ’»;\U0001f4bb;Emoji;25;0.489415613;1;16;8;2022;laptop computer
1725;ğŸŒ;\U0001f30f;Emoji;25;0.681460526;3;10;12;1725;globe showing Asia-Australia
690;â–„;\u2584;Additional Character;25;0.464453824;8;11;6;690;LOWER HALF BLOCK
1475;ğŸ‘“;\U0001f453;Emoji;24;0.514451688;0;16;8;1475;glasses
748;â—„;\u25c4;Additional Character;24;0.671979253;0;18;6;748;BLACK LEFT-POINTING POINTER
1956;âš¾;\u26be;Emoji;24;0.213609507;9;7;8;1956;baseball
1610;ğŸŒ²;\U0001f332;Emoji;23;0.496443035;2;9;12;1610;evergreen tree
156;ğŸ‘´;\U0001f474;Emoji;23;0.783858479;5;7;11;156;old man
1744;ğŸ ;\U0001f3e0;Emoji;23;0.641777733;1;8;14;1744;house
1621;ğŸ‡;\U0001f347;Emoji;23;0.583781365;5;6;12;1621;grapes
1675;ğŸ˜;\U0001f358;Emoji;23;0.620778046;5;3;15;1675;rice cracker
1678;ğŸ›;\U0001f35b;Emoji;23;0.585489158;8;6;9;1678;curry rice
1548;ğŸ‡;\U0001f407;Emoji;23;0.96735812;4;9;10;1548;rabbit
2175;ğŸ”;\U0001f51e;Emoji;23;0.814490975;6;12;5;2175;no one under eighteen
162;ğŸ‘µ;\U0001f475;Emoji;23;0.818006874;5;2;16;162;old woman
2231;â—€;\u25c0;Emoji;23;0.221018064;0;16;7;2231;reverse button
2194;ğŸ”™;\U0001f519;Emoji;23;0.143848565;2;14;7;2194;BACK arrow
1613;ğŸŒµ;\U0001f335;Emoji;23;0.670060172;6;6;11;1613;cactus
1534;ğŸ½;\U0001f43d;Emoji;22;0.647826714;5;9;8;1534;pig nose
1701;ğŸ®;\U0001f36e;Emoji;22;0.701402915;10;5;7;1701;custard
1933;ğŸ‡;\U0001f387;Emoji;22;0.820989335;1;3;18;1933;sparkler
1523;ğŸ;\U0001f40e;Emoji;22;0.698088195;2;8;12;1523;horse
1052;â”;\u2794;Additional Character;22;0.540918757;3;19;0;1052;HEAVY WIDE-HEADED RIGHTWARDS ARROW
2070;ğŸ’¶;\U0001f4b6;Emoji;22;0.748289907;3;16;3;2070;euro banknote
1560;ğŸ¤;\U0001f424;Emoji;22;0.838037285;1;7;14;1560;baby chick
663;â•©;\u2569;Additional Character;22;0.811363636;0;17;5;663;BOX DRAWINGS DOUBLE UP AND HORIZONTAL
939;ğŸ›€;\U0001f6c0;Emoji;21;0.904298381;6;6;9;939;person taking bath
1885;ğŸŒ‘;\U0001f311;Emoji;21;0.603915537;2;6;13;1885;new moon
1815;ğŸš²;\U0001f6b2;Emoji;21;0.582675365;1;10;10;1815;bicycle
1536;ğŸ‘;\U0001f411;Emoji;21;0.921935783;6;13;2;1536;ewe
2357;ğŸ;\U0001f3c1;Emoji;21;0.618314821;0;9;12;2357;chequered flag
1648;ğŸ;\U0001f35e;Emoji;21;0.710838498;6;8;7;1648;bread
1961;ğŸ¾;\U0001f3be;Emoji;21;0.820392839;2;4;15;1961;tennis
648;â•š;\u255a;Additional Character;21;0.714311764;0;14;7;648;BOX DRAWINGS DOUBLE UP AND RIGHT
2324;ğŸˆ¹;\U0001f239;Emoji;21;0.349907717;1;12;8;2324;Japanese â€œdiscountâ€ button
1577;ğŸ³;\U0001f433;Emoji;20;0.65571861;4;9;7;1577;spouting whale
360;ğŸ‘®;\U0001f46e;Emoji;20;0.742230559;10;8;2;360;police officer
49;â˜¹;\u2639;Emoji;20;0.776559964;14;4;2;49;frowning face
1508;ğŸµ;\U0001f435;Emoji;20;0.63050797;1;7;12;1508;monkey face
1002;âœª;\u272a;Additional Character;20;0.287581918;0;13;7;1002;CIRCLED WHITE STAR
765;â—•;\u25d5;Additional Character;20;0.594134042;0;10;10;765;CIRCLE WITH ALL BUT UPPER LEFT QUADRANT BLACK
1760;ğŸ—¼;\U0001f5fc;Emoji;20;0.653788547;1;6;13;1760;Tokyo tower
702;â–;\u2590;Additional Character;20;0.304138759;4;15;1;702;RIGHT HALF BLOCK
1983;â™ ;\u2660;Emoji;20;0.533120829;0;13;7;1983;spade suit
609;â”³;\u2533;Additional Character;20;0.399288134;10;8;2;609;BOX DRAWINGS HEAVY DOWN AND HORIZONTAL
88;ğŸ‘º;\U0001f47a;Emoji;19;0.824824563;8;7;4;88;goblin
1585;ğŸš;\U0001f41a;Emoji;19;0.526458845;1;12;6;1585;spiral shell
1425;ğŸ‘‚;\U0001f442;Emoji;19;0.68212761;7;8;4;1425;ear
1761;ğŸ—½;\U0001f5fd;Emoji;19;0.651087541;1;10;8;1761;Statue of Liberty
1706;ğŸµ;\U0001f375;Emoji;19;0.650326294;3;5;11;1706;teacup without handle
2305;ğŸ†’;\U0001f192;Emoji;19;0.627794041;0;11;8;2305;COOL button
1702;ğŸ¯;\U0001f36f;Emoji;19;0.779822828;7;4;8;1702;honey pot
1514;ğŸº;\U0001f43a;Emoji;19;0.734916913;2;10;7;1514;wolf face
221;â‡¨;\u21e8;Additional Character;19;0.541146317;0;9;10;221;RIGHTWARDS WHITE ARROW
1068;â¨;\u27a8;Additional Character;19;0.558287039;2;12;5;1068;HEAVY CONCAVE-POINTED BLACK RIGHTWARDS ARROW
1887;ğŸŒ“;\U0001f313;Emoji;19;0.458297394;0;6;13;1887;first quarter moon
2120;ğŸ”’;\U0001f512;Emoji;19;0.939297049;5;5;9;2120;locked
666;â•¬;\u256c;Additional Character;19;0.32158749;6;10;3;666;BOX DRAWINGS DOUBLE VERTICAL AND HORIZONTAL
444;ğŸ‘³;\U0001f473;Emoji;18;0.816081393;2;1;15;444;person wearing turban
1918;ğŸŒ‚;\U0001f302;Emoji;18;0.784983076;2;9;7;1918;closed umbrella
1799;ğŸšŒ;\U0001f68c;Emoji;18;0.635613322;2;10;6;1799;bus
865;â™©;\u2669;Additional Character;18;0.791816647;0;7;11;865;QUARTER NOTE
1686;ğŸ¡;\U0001f361;Emoji;18;0.699734257;5;9;4;1686;dango
1049;â¥;\u2765;Additional Character;18;0.440217022;0;13;5;1049;ROTATED HEAVY BLACK HEART BULLET
1779;ğŸ¡;\U0001f3a1;Emoji;18;0.506097489;1;10;7;1779;ferris wheel
1462;ğŸ’Œ;\U0001f48c;Emoji;17;0.805000544;2;3;12;1462;love letter
1513;ğŸ©;\U0001f429;Emoji;17;0.87034228;0;10;7;1513;poodle
1896;ğŸŒœ;\U0001f31c;Emoji;17;0.604117045;0;7;10;1896;last quarter moon face
1856;âŒš;\u231a;Emoji;17;0.64929786;2;9;6;1856;watch
1852;ğŸš¿;\U0001f6bf;Emoji;17;0.669217138;1;3;13;1852;shower
1532;ğŸ–;\U0001f416;Emoji;17;0.814054951;0;14;3;1532;pig
2244;ğŸ”†;\U0001f506;Emoji;17;0.604618098;0;6;11;2244;bright button
1895;ğŸŒ›;\U0001f31b;Emoji;17;0.679966738;0;6;11;1895;first quarter moon face
396;ğŸ’‚;\U0001f482;Emoji;17;0.691282654;8;4;5;396;guard
1557;ğŸ”;\U0001f414;Emoji;17;0.627149273;1;9;7;1557;chicken
654;ğŸ™;\U0001f64e;Emoji;17;0.640742988;8;2;7;654;person pouting
1752;ğŸ©;\U0001f3e9;Emoji;16;0.587431016;2;4;10;1752;love hotel
4104;ğŸ‡«;\U0001f1eb;Additional Character;16;0.718033886;0;7;9;4104;REGIONAL INDICATOR SYMBOL LETTER F
2126;ğŸ”¨;\U0001f528;Emoji;16;0.738603866;6;6;4;2126;hammer
1994;ğŸ“¢;\U0001f4e2;Emoji;16;0.545722402;0;8;8;1994;loudspeaker
1562;ğŸ¦;\U0001f426;Emoji;16;0.75753571;0;8;8;1562;bird
1573;ğŸ²;\U0001f432;Emoji;16;0.457546329;2;13;1;1573;dragon face
2251;â™»;\u267b;Emoji;16;0.438690753;0;7;9;2251;recycling symbol
1892;ğŸŒ˜;\U0001f318;Emoji;16;0.577817017;0;5;11;1892;waning crescent moon
1630;ğŸ;\U0001f350;Emoji;16;0.84457574;5;3;8;1630;pear
1888;ğŸŒ”;\U0001f314;Emoji;16;0.447188207;0;5;11;1888;waxing gibbous moon
659;â•¥;\u2565;Additional Character;16;0.8694829;6;2;8;659;BOX DRAWINGS DOWN DOUBLE AND HORIZONTAL SINGLE
1030;âŠ;\u274a;Additional Character;16;0.45212766;0;16;0;1030;EIGHT TEARDROP-SPOKED PROPELLER ASTERISK
1479;ğŸ‘–;\U0001f456;Emoji;15;0.910194857;1;7;7;1479;jeans
2157;ğŸšº;\U0001f6ba;Emoji;15;0.677226689;2;8;5;2157;womenâ€™s room
15;ğŸ˜—;\U0001f617;Emoji;15;0.714328477;1;2;12;15;kissing face
1783;ğŸ­;\U0001f3ad;Emoji;15;0.657660049;5;5;5;1783;performing arts
1530;ğŸ„;\U0001f404;Emoji;15;0.825887991;2;6;7;1530;cow
775;â—Ÿ;\u25df;Additional Character;15;0.646546064;2;12;1;775;LOWER LEFT QUADRANT CIRCULAR ARC
1682;ğŸ¢;\U0001f362;Emoji;15;0.684276452;5;7;3;1682;oden
1785;ğŸ¨;\U0001f3a8;Emoji;15;0.490548154;1;10;4;1785;artist palette
2182;â¬‡;\u2b07;Emoji;15;0.631917187;2;4;9;2182;down arrow
2159;ğŸš¼;\U0001f6bc;Emoji;15;0.692874634;0;5;10;2159;baby symbol
1767;â›²;\u26f2;Emoji;15;0.697309585;1;12;2;1767;fountain
687;â–;\u2581;Additional Character;15;0.711319751;0;15;0;687;LOWER ONE EIGHTH BLOCK
4113;ğŸ‡´;\U0001f1f4;Additional Character;15;0.676124081;0;9;6;4113;REGIONAL INDICATOR SYMBOL LETTER O
1891;ğŸŒ—;\U0001f317;Emoji;15;0.54681955;0;4;11;1891;last quarter moon
1890;ğŸŒ–;\U0001f316;Emoji;15;0.534539354;0;4;11;1890;waning gibbous moon
2243;ğŸ”…;\U0001f505;Emoji;15;0.634782609;0;0;15;2243;dim button
1489;ğŸ‘œ;\U0001f45c;Emoji;14;0.675482619;2;6;6;1489;handbag
1589;ğŸŒ;\U0001f40c;Emoji;14;0.421349764;0;3;11;1589;snail
2097;ğŸ’¼;\U0001f4bc;Emoji;14;0.573028381;1;3;10;2097;briefcase
1807;ğŸš•;\U0001f695;Emoji;14;0.526016674;3;8;3;1807;taxi
1546;ğŸ¹;\U0001f439;Emoji;14;0.743700839;3;3;8;1546;hamster face
1903;ğŸŒ ;\U0001f320;Emoji;14;0.761411531;2;1;11;1903;shooting star
1517;ğŸˆ;\U0001f408;Emoji;14;0.645414223;0;9;5;1517;cat
220;â‡§;\u21e7;Additional Character;14;0.461420203;0;12;2;220;UPWARDS WHITE ARROW
2016;â˜;\u260e;Emoji;14;0.836709012;2;10;2;2016;telephone
1769;ğŸŒ;\U0001f301;Emoji;14;0.744406749;1;9;4;1769;foggy
2354;âš«;\u26ab;Emoji;14;0.440912997;3;4;7;2354;black circle
864;â™§;\u2667;Additional Character;14;0.775062446;0;6;8;864;WHITE CLUB SUIT
1758;ğŸ°;\U0001f3f0;Emoji;14;0.434066804;1;7;6;1758;castle
1100;ğŸšµ;\U0001f6b5;Emoji;14;0.5561554;0;8;6;1100;person mountain biking
1780;ğŸ¢;\U0001f3a2;Emoji;14;0.825803746;1;4;9;1780;roller coaster
2008;ğŸ·;\U0001f3b7;Emoji;14;0.759955203;0;3;11;2008;saxophone
1942;ğŸ;\U0001f390;Emoji;14;0.290879701;0;11;3;1942;wind chime
566;â”ˆ;\u2508;Additional Character;14;0.792740417;12;0;2;566;BOX DRAWINGS LIGHT QUADRUPLE DASH HORIZONTAL
645;â•—;\u2557;Additional Character;14;0.361119833;0;8;6;645;BOX DRAWINGS DOUBLE DOWN AND LEFT
671;â•±;\u2571;Additional Character;14;0.547959184;0;14;0;671;BOX DRAWINGS LIGHT DIAGONAL UPPER RIGHT TO LOWER LEFT
1774;ğŸŒ‡;\U0001f307;Emoji;13;0.54287435;0;5;8;1774;sunset
1857;â°;\u23f0;Emoji;13;0.645780266;2;2;9;1857;alarm clock
222;â‡©;\u21e9;Additional Character;13;0.503572636;0;13;0;222;DOWNWARDS WHITE ARROW
1787;ğŸš‚;\U0001f682;Emoji;13;0.656030729;0;9;4;1787;locomotive
776;â— ;\u25e0;Additional Character;13;0.652555193;0;6;7;776;UPPER HALF CIRCLE
1977;ğŸ¿;\U0001f3bf;Emoji;13;0.727391903;1;5;7;1977;skis
999;âœ¦;\u2726;Additional Character;13;0.402369693;0;12;1;999;BLACK FOUR POINTED STAR
2308;ğŸ†”;\U0001f194;Emoji;13;0.479124776;0;1;12;2308;ID button
1762;â›ª;\u26ea;Emoji;13;0.38723933;2;7;4;1762;church
1886;ğŸŒ’;\U0001f312;Emoji;13;0.446222397;0;4;9;1886;waxing crescent moon
1538;ğŸª;\U0001f42a;Emoji;13;0.836925018;0;4;9;1538;camel
642;â•”;\u2554;Additional Character;13;0.309824364;0;9;4;642;BOX DRAWINGS DOUBLE DOWN AND RIGHT
651;â•;\u255d;Additional Character;13;0.800037569;0;6;7;651;BOX DRAWINGS DOUBLE UP AND LEFT
1477;ğŸ‘”;\U0001f454;Emoji;12;0.520012314;2;3;7;1477;necktie
2253;ğŸ”±;\U0001f531;Emoji;12;0.790792217;3;5;4;2253;trident emblem
2306;ğŸ†“;\U0001f193;Emoji;12;0.551459397;0;9;3;2306;FREE button
1578;ğŸ‹;\U0001f40b;Emoji;12;0.865813424;2;5;5;1578;whale
743;â–½;\u25bd;Additional Character;12;0.843553507;1;4;7;743;WHITE DOWN-POINTING TRIANGLE
688;â–‚;\u2582;Additional Character;12;0.578512397;0;12;0;688;LOWER ONE QUARTER BLOCK
1591;ğŸ›;\U0001f41b;Emoji;12;0.672751951;2;4;6;1591;bug
1478;ğŸ‘•;\U0001f455;Emoji;12;0.795097842;1;4;7;1478;t-shirt
1798;ğŸš‹;\U0001f68b;Emoji;12;0.317741493;0;11;1;1798;tram car
2073;ğŸ’³;\U0001f4b3;Emoji;12;0.83392297;1;4;7;2073;credit card
1773;ğŸŒ†;\U0001f306;Emoji;12;0.764797204;2;6;4;1773;cityscape at dusk
2152;ğŸ§;\U0001f3e7;Emoji;12;0.888240175;0;0;12;2152;ATM sign
2047;ğŸ’¡;\U0001f4a1;Emoji;12;0.597619454;0;3;9;2047;light bulb
2346;ğŸ”¹;\U0001f539;Emoji;12;0.170199929;2;6;4;2346;small blue diamond
2184;â¬…;\u2b05;Emoji;12;0.662574787;0;5;7;2184;left arrow
1681;ğŸ ;\U0001f360;Emoji;12;0.938678015;5;2;5;1681;roasted sweet potato
1539;ğŸ«;\U0001f42b;Emoji;12;0.770082215;0;7;5;1539;two-hump camel
1753;ğŸª;\U0001f3ea;Emoji;12;0.374437236;2;7;3;1753;convenience store
9;Û©;\u06e9;Additional Character;12;0.464312944;0;12;0;9;ARABIC PLACE OF SAJDAH
4110;ğŸ‡±;\U0001f1f1;Additional Character;12;0.71333692;0;6;6;4110;REGIONAL INDICATOR SYMBOL LETTER L
2039;ğŸ“¹;\U0001f4f9;Emoji;11;0.718346535;1;3;7;2039;video camera
1493;ğŸ‘;\U0001f45e;Emoji;11;0.779457078;1;3;7;1493;manâ€™s shoe
1803;ğŸš‘;\U0001f691;Emoji;11;0.758087751;3;4;4;1803;ambulance
2315;ğŸ†˜;\U0001f198;Emoji;11;0.775131806;4;2;5;2315;SOS button
1487;ğŸ‘š;\U0001f45a;Emoji;11;0.810043786;0;3;8;1487;womanâ€™s clothes
1800;ğŸš;\U0001f68d;Emoji;11;0.659558885;4;2;5;1800;oncoming bus
719;â–¡;\u25a1;Additional Character;11;0.673637431;7;0;4;719;WHITE SQUARE
1528;ğŸ‚;\U0001f402;Emoji;11;0.774388184;1;7;3;1528;ox
1010;ğŸš£;\U0001f6a3;Emoji;11;0.712555862;0;3;8;1010;person rowing boat
2269;âœ³;\u2733;Emoji;11;0.37234627;0;11;0;2269;eight-spoked asterisk
1960;ğŸ‰;\U0001f3c9;Emoji;11;0.837042609;0;4;7;1960;rugby football
1732;ğŸ—»;\U0001f5fb;Emoji;11;0.723455901;0;3;8;1732;mount fuji
1545;ğŸ€;\U0001f400;Emoji;11;0.701470653;1;7;3;1545;rat
660;â•¦;\u2566;Additional Character;11;0.22026307;0;6;5;660;BOX DRAWINGS DOUBLE DOWN AND HORIZONTAL
1768;â›º;\u26fa;Emoji;10;0.905848988;1;2;7;1768;tent
1512;ğŸ•;\U0001f415;Emoji;10;0.879333592;1;5;4;1512;dog
968;ğŸ‚;\U0001f3c2;Emoji;10;0.777003138;1;3;6;968;snowboarder
1496;ğŸ‘¡;\U0001f461;Emoji;10;0.63543995;1;3;6;1496;womanâ€™s sandal
2007;ğŸ“»;\U0001f4fb;Emoji;10;0.726200366;1;4;5;2007;radio
2091;âœ’;\u2712;Emoji;10;0.543607437;1;5;4;2091;black nib
1647;ğŸŒ°;\U0001f330;Emoji;10;0.786442145;0;3;7;1647;chestnut
1746;ğŸ¢;\U0001f3e2;Emoji;10;0.542295544;0;8;2;1746;office building
1492;ğŸ’;\U0001f392;Emoji;10;0.614006372;1;2;7;1492;school backpack
247;âŒ’;\u2312;Additional Character;10;0.623939324;0;3;7;247;ARC
1754;ğŸ«;\U0001f3eb;Emoji;10;0.644209517;6;1;3;1754;school
2247;ğŸ“´;\U0001f4f4;Emoji;10;0.981898981;1;0;9;2247;mobile phone off
1834;ğŸš¢;\U0001f6a2;Emoji;10;0.817914113;3;1;6;1834;ship
1812;ğŸšš;\U0001f69a;Emoji;10;0.479308081;2;7;1;1812;delivery truck
1574;ğŸ‰;\U0001f409;Emoji;10;0.628494919;0;8;2;1574;dragon
1036;â’;\u2752;Additional Character;10;0.587413086;0;7;3;1036;UPPER RIGHT SHADOWED WHITE SQUARE
1569;ğŸŠ;\U0001f40a;Emoji;10;0.84550756;2;5;3;1569;crocodile
1997;ğŸ””;\U0001f514;Emoji;10;0.713041475;0;0;10;1997;bell
778;â—¢;\u25e2;Additional Character;10;0.571991872;0;2;8;778;BLACK LOWER RIGHT TRIANGLE
1749;ğŸ¥;\U0001f3e5;Emoji;9;0.648092966;1;4;4;1749;hospital
2275;â”;\u2754;Emoji;9;0.787466861;3;3;3;2275;white question mark
1808;ğŸš–;\U0001f696;Emoji;9;0.800144753;3;4;2;1808;oncoming taxi
1987;ğŸƒ;\U0001f0cf;Emoji;9;0.685606875;3;2;4;1987;joker
742;â–¼;\u25bc;Additional Character;9;0.656774297;2;4;3;742;BLACK DOWN-POINTING TRIANGLE
698;â–Œ;\u258c;Additional Character;9;0.420711618;4;4;1;698;LEFT HALF BLOCK
817;â˜›;\u261b;Additional Character;9;0.553782742;0;5;4;817;BLACK RIGHT POINTING INDEX
1001;âœ©;\u2729;Additional Character;9;0.265667997;0;9;0;1001;STRESS OUTLINED WHITE STAR
1759;ğŸ’’;\U0001f492;Emoji;9;0.79417208;0;3;6;1759;wedding
1830;ğŸš¤;\U0001f6a4;Emoji;9;0.503972435;0;5;4;1830;speedboat
1537;ğŸ;\U0001f410;Emoji;9;0.720583133;0;4;5;1537;goat
718;â– ;\u25a0;Additional Character;9;0.79044432;5;2;2;718;BLACK SQUARE
2195;ğŸ”š;\U0001f51a;Emoji;9;0.868645196;1;3;5;2195;END arrow
2012;ğŸ»;\U0001f3bb;Emoji;9;0.720880053;0;5;4;2012;violin
2344;ğŸ”·;\U0001f537;Emoji;9;0.367845118;0;7;2;2344;large blue diamond
1824;ğŸš¦;\U0001f6a6;Emoji;9;0.454265022;2;4;3;1824;vertical traffic light
2121;ğŸ”“;\U0001f513;Emoji;9;0.802890324;3;2;4;2121;unlocked
1976;ğŸ½;\U0001f3bd;Emoji;9;0.903767713;0;4;5;1976;running shirt
2101;ğŸ“…;\U0001f4c5;Emoji;9;0.597376373;2;3;4;2101;calendar
2011;ğŸº;\U0001f3ba;Emoji;9;0.646180394;1;0;8;2011;trumpet
1007;âœ¯;\u272f;Additional Character;9;0.32090504;0;9;0;1007;PINWHEEL STAR
1622;ğŸˆ;\U0001f348;Emoji;9;0.520981407;6;1;2;1622;melon
2077;âœ‰;\u2709;Emoji;9;0.44131007;1;4;4;2077;envelope
657;â•£;\u2563;Additional Character;9;0.641758242;0;9;0;657;BOX DRAWINGS DOUBLE VERTICAL AND LEFT
780;â—¤;\u25e4;Additional Character;9;0.669223855;0;0;9;780;BLACK UPPER LEFT TRIANGLE
755;â—‹;\u25cb;Additional Character;8;0.625334477;0;3;5;755;WHITE CIRCLE
1703;ğŸ¼;\U0001f37c;Emoji;8;0.889794471;1;1;6;1703;baby bottle
2031;ğŸ“€;\U0001f4c0;Emoji;8;0.842924661;1;5;2;2031;dvd
1813;ğŸš›;\U0001f69b;Emoji;8;0.552176238;2;6;0;1813;articulated lorry
2057;ğŸ““;\U0001f4d3;Emoji;8;0.835156432;1;4;3;2057;notebook
804;â˜‰;\u2609;Additional Character;8;0.985925307;0;6;2;804;SUN
2068;ğŸ’´;\U0001f4b4;Emoji;8;0.837157842;3;4;1;2068;yen banknote
618;â”¼;\u253c;Additional Character;8;0.594639298;2;4;2;618;BOX DRAWINGS LIGHT VERTICAL AND HORIZONTAL
1529;ğŸƒ;\U0001f403;Emoji;8;0.82964401;0;8;0;1529;water buffalo
2266;â°;\u27b0;Emoji;8;0.255281448;4;1;3;2266;curly loop
2021;ğŸ”Œ;\U0001f50c;Emoji;8;0.84383834;3;3;2;2021;electric plug
1645;ğŸ„;\U0001f344;Emoji;8;0.481955716;2;4;2;1645;mushroom
2051;ğŸ“•;\U0001f4d5;Emoji;8;0.687815619;1;4;3;2051;closed book
1995;ğŸ“£;\U0001f4e3;Emoji;8;0.665290609;1;2;5;1995;megaphone
1805;ğŸš“;\U0001f693;Emoji;8;0.654503222;0;5;3;1805;police car
1533;ğŸ—;\U0001f417;Emoji;8;0.756674318;0;3;5;1533;boar
2189;â†ª;\u21aa;Emoji;8;0.726671282;0;7;1;2189;left arrow curving right
1973;â›³;\u26f3;Emoji;8;0.659686501;0;1;7;1973;flag in hole
617;â”»;\u253b;Additional Character;8;0.436070741;6;0;2;617;BOX DRAWINGS HEAVY UP AND HORIZONTAL
585;â”›;\u251b;Additional Character;8;0.711630126;0;2;6;585;BOX DRAWINGS HEAVY UP AND LEFT
561;â”ƒ;\u2503;Additional Character;8;0.495888704;0;4;4;561;BOX DRAWINGS HEAVY VERTICAL
480;ğŸ‘±;\U0001f471;Emoji;7;0.584040891;1;4;2;480;blond-haired person
1855;â³;\u23f3;Emoji;7;0.829006815;3;1;3;1855;hourglass not done
1839;ğŸ’º;\U0001f4ba;Emoji;7;0.499522738;1;3;3;1839;seat
961;ğŸ‡;\U0001f3c7;Emoji;7;0.829351657;3;2;2;961;horse racing
838;â˜»;\u263b;Additional Character;7;0.808078576;1;3;3;838;BLACK SMILING FACE
2017;ğŸ“;\U0001f4de;Emoji;7;0.639663641;0;3;4;2017;telephone receiver
507;â’¶;\u24b6;Additional Character;7;0.467453036;2;4;1;507;CIRCLED LATIN CAPITAL LETTER A
1775;ğŸŒ‰;\U0001f309;Emoji;7;0.848338345;0;2;5;1775;bridge at night
2358;ğŸš©;\U0001f6a9;Emoji;7;0.14668319;3;3;1;2358;triangular flag
981;âœ;\u270e;Additional Character;7;0.547314568;0;2;5;981;LOWER RIGHT PENCIL
2059;ğŸ“ƒ;\U0001f4c3;Emoji;7;0.75418917;0;3;4;2059;page with curl
1751;ğŸ¨;\U0001f3e8;Emoji;7;0.803363124;0;5;2;1751;hotel
2110;ğŸ“Œ;\U0001f4cc;Emoji;7;0.799054518;5;1;1;2110;pushpin
2217;â™;\u264e;Emoji;7;0.85514993;2;4;1;2217;Libra
2071;ğŸ’·;\U0001f4b7;Emoji;7;0.573124902;0;3;4;2071;pound banknote
1789;ğŸš„;\U0001f684;Emoji;7;0.699813945;0;2;5;1789;high-speed train
734;â–²;\u25b2;Additional Character;7;0.33783723;0;2;5;734;BLACK UP-POINTING TRIANGLE
1828;â›µ;\u26f5;Emoji;7;0.323527212;0;2;5;1828;sailboat
2345;ğŸ”¸;\U0001f538;Emoji;7;0.17210479;0;5;2;2345;small orange diamond
1854;âŒ›;\u231b;Emoji;7;0.796787872;2;2;3;1854;hourglass done
1814;ğŸšœ;\U0001f69c;Emoji;7;0.76727505;0;0;7;1814;tractor
1521;ğŸ†;\U0001f406;Emoji;7;0.550090954;0;4;3;1521;leopard
1499;ğŸ‘’;\U0001f452;Emoji;7;0.843648743;1;3;3;1499;womanâ€™s hat
2276;â•;\u2755;Emoji;7;0.86202303;1;3;3;2276;white exclamation mark
2196;ğŸ”›;\U0001f51b;Emoji;7;0.474006336;1;1;5;2196;ON! arrow
862;â™¢;\u2662;Additional Character;7;0.868165215;0;4;3;862;WHITE DIAMOND SUIT
4111;ğŸ‡²;\U0001f1f2;Additional Character;7;0.786773623;0;3;4;4111;REGIONAL INDICATOR SYMBOL LETTER M
1026;â…;\u2745;Additional Character;7;0.247154472;0;1;6;1026;TIGHT TRIFOLIATE SNOWFLAKE
1490;ğŸ‘;\U0001f45d;Emoji;6;0.611228018;1;1;4;1490;clutch bag
992;âœ;\u271e;Additional Character;6;0.509389671;0;3;3;992;SHADOWED WHITE LATIN CROSS
777;â—¡;\u25e1;Additional Character;6;0.946756676;0;4;2;777;LOWER HALF CIRCLE
1938;ğŸ‹;\U0001f38b;Emoji;6;0.785515587;1;0;5;1938;tanabata tree
959;ğŸ‘¥;\U0001f465;Emoji;6;0.83792517;1;2;3;959;busts in silhouette
2174;ğŸ“µ;\U0001f4f5;Emoji;6;0.794071373;1;3;2;2174;no mobile phones
1582;ğŸ¡;\U0001f421;Emoji;6;0.867288557;0;4;2;1582;blowfish
750;â—†;\u25c6;Additional Character;6;0.602165081;0;1;5;750;BLACK DIAMOND
1757;ğŸ¯;\U0001f3ef;Emoji;6;0.529919889;0;5;1;1757;Japanese castle
1919;â˜‚;\u2602;Emoji;6;0.453390203;1;4;1;1919;umbrella
2044;ğŸ”­;\U0001f52d;Emoji;6;0.715984026;0;3;3;2044;telescope
1782;ğŸª;\U0001f3aa;Emoji;6;0.607881289;0;4;2;1782;circus tent
1592;ğŸœ;\U0001f41c;Emoji;6;0.879901961;0;2;4;1592;ant
2215;â™Œ;\u264c;Emoji;6;0.790409536;0;1;5;2215;Leo
810;â˜;\u2610;Additional Character;6;0.538095238;6;0;0;810;BALLOT BOX
414;ğŸ‘·;\U0001f477;Emoji;6;0.739199448;1;2;3;414;construction worker
172;â†³;\u21b3;Additional Character;6;0.346428571;0;6;0;172;DOWNWARDS ARROW WITH TIP RIGHTWARDS
1991;ğŸ”ˆ;\U0001f508;Emoji;6;0.635444115;0;4;2;1991;speaker low volume
2061;ğŸ“„;\U0001f4c4;Emoji;6;0.624139531;0;0;6;2061;page facing up
2111;ğŸ“;\U0001f4cd;Emoji;6;0.48869302;1;3;2;2111;round pushpin
1802;ğŸš;\U0001f690;Emoji;6;0.77642636;0;1;5;1802;minibus
1806;ğŸš”;\U0001f694;Emoji;6;0.521943521;1;4;1;1806;oncoming police car
1731;ğŸŒ‹;\U0001f30b;Emoji;6;0.379680055;0;2;4;1731;volcano
2045;ğŸ“¡;\U0001f4e1;Emoji;6;0.553891601;1;2;3;2045;satellite antenna
2228;â©;\u23e9;Emoji;6;0.7317139;0;5;1;2228;fast-forward button
2169;ğŸš³;\U0001f6b3;Emoji;6;0.102993951;0;0;6;2169;no bicycles
987;âœ˜;\u2718;Additional Character;6;0.538602654;0;1;5;987;HEAVY BALLOT X
8;Û;\u06de;Additional Character;6;0.471786165;0;6;0;8;ARABIC START OF RUB EL HIZB
841;â˜¾;\u263e;Additional Character;6;0.452907711;0;6;0;841;LAST QUARTER MOON
2301;ğŸ…°;\U0001f170;Emoji;6;0.311138998;1;2;3;2301;A button (blood type)
2082;ğŸ“¥;\U0001f4e5;Emoji;6;0.981884058;0;6;0;2082;inbox tray
4121;ğŸ‡¼;\U0001f1fc;Additional Character;6;0.734391905;0;3;3;4121;REGIONAL INDICATOR SYMBOL LETTER W
577;â”“;\u2513;Additional Character;6;0.51522533;0;2;4;577;BOX DRAWINGS HEAVY DOWN AND LEFT
593;â”£;\u2523;Additional Character;6;0.487486157;0;2;4;593;BOX DRAWINGS HEAVY VERTICAL AND RIGHT
518;â“;\u24c1;Additional Character;6;0.726851852;0;3;3;518;CIRCLED LATIN CAPITAL LETTER L
511;â’º;\u24ba;Additional Character;6;0.814814815;0;3;3;511;CIRCLED LATIN CAPITAL LETTER E
2048;ğŸ”¦;\U0001f526;Emoji;5;0.852648347;0;5;0;2048;flashlight
958;ğŸ‘¤;\U0001f464;Emoji;5;0.785820605;0;1;4;958;bust in silhouette
1840;ğŸš;\U0001f681;Emoji;5;0.509988852;0;4;1;1840;helicopter
1778;ğŸ ;\U0001f3a0;Emoji;5;0.57433687;0;2;3;1778;carousel horse
1544;ğŸ;\U0001f401;Emoji;5;0.418555982;2;3;0;1544;mouse
2053;ğŸ“—;\U0001f4d7;Emoji;5;0.78915959;1;2;2;2053;green book
574;â”;\u2510;Additional Character;5;0.770866381;2;2;1;574;BOX DRAWINGS LIGHT DOWN AND LEFT
2208;â˜®;\u262e;Emoji;5;0.75037594;2;1;2;2208;peace symbol
2249;â™‚;\u2642;Emoji;5;0.580233775;0;4;1;2249;male sign
774;â—;\u25de;Additional Character;5;0.722789157;1;3;1;774;LOWER RIGHT QUADRANT CIRCULAR ARC
1996;ğŸ“¯;\U0001f4ef;Emoji;5;0.974048452;1;4;0;1996;postal horn
2136;ğŸ”©;\U0001f529;Emoji;5;0.672722386;1;2;2;2136;nut and bolt
1497;ğŸ‘¢;\U0001f462;Emoji;5;0.994117647;0;1;4;1497;womanâ€™s boot
746;â—‚;\u25c2;Additional Character;5;0.198500589;0;3;2;746;BLACK LEFT-POINTING SMALL TRIANGLE
2062;ğŸ“°;\U0001f4f0;Emoji;5;0.860149569;1;1;3;2062;newspaper
2245;ğŸ“¶;\U0001f4f6;Emoji;5;0.930492899;0;3;2;2245;antenna bars
1823;ğŸš¥;\U0001f6a5;Emoji;5;0.723893805;1;3;1;1823;horizontal traffic light
1771;ğŸŒ„;\U0001f304;Emoji;5;0.285583654;0;4;1;1771;sunrise over mountains
1728;ğŸ—¾;\U0001f5fe;Emoji;5;0.738585725;0;3;2;1728;map of Japan
2343;ğŸ”¶;\U0001f536;Emoji;5;0.786004057;0;3;2;2343;large orange diamond
1748;ğŸ¤;\U0001f3e4;Emoji;5;0.272575758;0;3;2;1748;post office
1500;ğŸ©;\U0001f3a9;Emoji;5;0.58647571;0;3;2;1500;top hat
2309;â“‚;\u24c2;Emoji;5;0.765244502;1;1;3;2309;circled M
2135;ğŸ”§;\U0001f527;Emoji;5;0.677226399;4;0;1;2135;wrench
1520;ğŸ…;\U0001f405;Emoji;5;0.818550107;0;4;1;1520;tiger
870;â™®;\u266e;Additional Character;5;0.936640494;0;4;1;870;MUSIC NATURAL SIGN
2312;ğŸ…¾;\U0001f17e;Emoji;5;0.977468672;2;2;1;2312;O button (blood type)
2193;ğŸ”„;\U0001f504;Emoji;5;0.971014493;0;5;0;2193;counterclockwise arrows button
1926;â˜„;\u2604;Emoji;5;0.435373547;0;5;0;1926;comet
825;â˜¨;\u2628;Additional Character;5;0.457692308;0;5;0;825;CROSS OF LORRAINE
2083;ğŸ“¦;\U0001f4e6;Emoji;4;0.508942142;0;3;1;2083;package
1795;ğŸšŠ;\U0001f68a;Emoji;4;0.412291392;1;1;2;1795;tram
2351;ğŸ”²;\U0001f532;Emoji;4;0.665449309;0;1;3;2351;black square button
2225;ğŸ”;\U0001f501;Emoji;4;0.570472495;1;2;1;2225;repeat button
735;â–³;\u25b3;Additional Character;4;0.595601141;0;3;1;735;WHITE UP-POINTING TRIANGLE
2102;ğŸ“†;\U0001f4c6;Emoji;4;0.839991723;0;0;4;2102;tear-off calendar
1041;â›;\u275b;Additional Character;4;0.735294118;0;2;2;1041;HEAVY SINGLE TURNED COMMA QUOTATION MARK ORNAMENT
2107;ğŸ“‰;\U0001f4c9;Emoji;4;0.726505602;0;2;2;2107;chart decreasing
737;â–µ;\u25b5;Additional Character;4;0.012558719;0;2;2;737;WHITE UP-POINTING SMALL TRIANGLE
2042;ğŸ”;\U0001f50e;Emoji;4;0.333026114;0;1;3;2042;magnifying glass tilted right
818;â˜œ;\u261c;Additional Character;4;0.95068438;0;3;1;818;WHITE LEFT POINTING INDEX
4108;ğŸ‡¯;\U0001f1ef;Additional Character;4;0.598500468;0;2;2;4108;REGIONAL INDICATOR SYMBOL LETTER J
4114;ğŸ‡µ;\U0001f1f5;Additional Character;4;0.60602405;0;2;2;4114;REGIONAL INDICATOR SYMBOL LETTER P
2054;ğŸ“˜;\U0001f4d8;Emoji;4;0.729794868;1;1;2;2054;blue book
2202;âœ¡;\u2721;Emoji;4;0.542307692;0;4;0;2202;star of David
536;â“”;\u24d4;Additional Character;4;0.423106061;0;1;3;536;CIRCLED LATIN SMALL LETTER E
2124;ğŸ”‘;\U0001f511;Emoji;4;0.712219599;1;1;2;2124;key
2192;ğŸ”ƒ;\U0001f503;Emoji;4;0.480569642;1;2;1;2192;clockwise vertical arrows
1431;ğŸ‘ƒ;\U0001f443;Emoji;4;0.617338955;2;0;2;1431;nose
2256;â­•;\u2b55;Emoji;4;0.521859186;0;2;2;2256;heavy large circle
2350;ğŸ”˜;\U0001f518;Emoji;4;0.823106247;0;3;1;2350;radio button
534;â“’;\u24d2;Additional Character;4;0.078409091;2;0;2;534;CIRCLED LATIN SMALL LETTER C
2170;ğŸš­;\U0001f6ad;Emoji;4;0.691042031;0;0;4;2170;no smoking
1794;ğŸš‰;\U0001f689;Emoji;4;0.517599805;0;1;3;1794;station
1848;ğŸšª;\U0001f6aa;Emoji;4;0.459991145;0;1;3;1848;door
1078;â³;\u27b3;Additional Character;4;0.689189189;0;2;2;1078;WHITE-FEATHERED RIGHTWARDS ARROW
1788;ğŸšƒ;\U0001f683;Emoji;4;0.867813709;0;1;3;1788;railway car
605;â”¯;\u252f;Additional Character;4;0.588235294;2;2;0;605;BOX DRAWINGS DOWN LIGHT AND HORIZONTAL HEAVY
1755;ğŸ¬;\U0001f3ec;Emoji;4;0.772435897;0;4;0;1755;department store
840;â˜½;\u263d;Additional Character;4;0.827205882;0;4;0;840;FIRST QUARTER MOON
2316;ğŸ†™;\U0001f199;Emoji;4;0.459136213;0;2;2;2316;UP! button
2311;ğŸ†–;\U0001f196;Emoji;4;0.32767456;1;1;2;2311;NG button
2207;â˜ª;\u262a;Emoji;4;0.5;0;4;0;2207;star and crescent
581;â”—;\u2517;Additional Character;4;0.70743831;0;0;4;581;BOX DRAWINGS HEAVY UP AND RIGHT
2153;ğŸš®;\U0001f6ae;Emoji;4;0.705415215;2;0;2;2153;litter in bin sign
601;â”«;\u252b;Additional Character;4;0.546428571;0;4;0;601;BOX DRAWINGS HEAVY VERTICAL AND LEFT
520;â“„;\u24c4;Additional Character;4;0.6875;0;2;2;520;CIRCLED LATIN CAPITAL LETTER O
2271;â‡;\u2747;Emoji;3;0.906565657;0;1;2;2271;sparkle
2270;âœ´;\u2734;Emoji;3;0.425259601;0;1;2;2270;eight-pointed star
570;â”Œ;\u250c;Additional Character;3;1;1;1;1;570;BOX DRAWINGS LIGHT DOWN AND RIGHT
805;â˜Š;\u260a;Additional Character;3;0.627212773;0;0;3;805;ASCENDING NODE
1998;ğŸ”•;\U0001f515;Emoji;3;0.663273811;2;0;1;1998;bell with slash
2341;â¬›;\u2b1b;Emoji;3;0.93331136;2;0;1;2341;black large square
1043;â;\u275d;Additional Character;3;0.012385762;0;3;0;1043;HEAVY DOUBLE TURNED COMMA QUOTATION MARK ORNAMENT
1044;â;\u275e;Additional Character;3;0.348845599;0;3;0;1044;HEAVY DOUBLE COMMA QUOTATION MARK ORNAMENT
1797;ğŸš;\U0001f69e;Emoji;3;0.401392441;0;1;2;1797;mountain railway
1707;ğŸ¶;\U0001f376;Emoji;3;0.670454148;0;1;2;1707;sake
1726;ğŸŒ;\U0001f310;Emoji;3;0.661697723;0;1;2;1726;globe with meridians
2248;â™€;\u2640;Emoji;3;0.496259709;0;2;1;2248;female sign
1790;ğŸš…;\U0001f685;Emoji;3;0.60688385;0;1;2;1790;bullet train
1804;ğŸš’;\U0001f692;Emoji;3;0.372181638;1;2;0;1804;fire engine
1063;â£;\u27a3;Additional Character;3;0.607657549;0;3;0;1063;THREE-D BOTTOM-LIGHTED RIGHTWARDS ARROWHEAD
2214;â™‹;\u264b;Emoji;3;0.66780619;0;2;1;2214;Cancer
2216;â™;\u264d;Emoji;3;0.921455436;0;1;2;2216;Virgo
1866;ğŸ•;\U0001f55d;Emoji;3;0.673202614;1;2;0;1866;two-thirty
532;â“;\u24d0;Additional Character;3;0.866666667;0;0;3;532;CIRCLED LATIN SMALL LETTER A
986;âœ—;\u2717;Additional Character;3;1;1;1;1;986;BALLOT X
2055;ğŸ“™;\U0001f4d9;Emoji;3;0.985204154;1;0;2;2055;orange book
524;â“ˆ;\u24c8;Additional Character;3;0.837301587;0;2;1;524;CIRCLED LATIN CAPITAL LETTER S
2109;ğŸ“‹;\U0001f4cb;Emoji;3;0.902676399;0;1;2;2109;clipboard
215;â‡¢;\u21e2;Additional Character;3;0.795568159;1;1;1;215;RIGHTWARDS DASHED ARROW
1962;ğŸ±;\U0001f3b1;Emoji;3;0.733061963;1;0;2;1962;pool 8 ball
1594;ğŸ;\U0001f41e;Emoji;3;0.867149758;0;2;1;1594;lady beetle
2347;ğŸ”º;\U0001f53a;Emoji;3;0.331084568;0;2;1;2347;red triangle pointed up
549;â“¡;\u24e1;Additional Character;3;0.476666667;0;0;3;549;CIRCLED LATIN SMALL LETTER R
1939;ğŸ;\U0001f38d;Emoji;3;0.460928261;0;3;0;1939;pine decoration
863;â™¤;\u2664;Additional Character;3;0.864386792;0;1;2;863;WHITE SPADE SUIT
1982;ğŸ²;\U0001f3b2;Emoji;3;0.294190811;0;3;0;1982;game die
1972;ğŸ¯;\U0001f3af;Emoji;3;0.928725808;0;1;2;1972;direct hit
1869;ã€ ;\u3020;Additional Character;3;0.589554531;0;3;0;1869;POSTAL MARK FACE
1992;ğŸ”‰;\U0001f509;Emoji;3;0.527173913;0;1;2;1992;speaker medium volume
2188;â†©;\u21a9;Emoji;3;0.790990991;0;0;3;2188;right arrow curving left
2160;ğŸš¾;\U0001f6be;Emoji;3;0.97979798;0;2;1;2160;water closet
1975;ğŸ£;\U0001f3a3;Emoji;3;0.661217721;2;1;0;1975;fishing pole
2299;ğŸ”£;\U0001f523;Emoji;3;0.73668039;0;2;1;2299;input symbols
2262;â;\u274e;Emoji;3;0.376693767;3;0;0;2262;cross mark button
1065;â¥;\u27a5;Additional Character;3;0.607479234;0;2;1;1065;HEAVY BLACK CURVED DOWNWARDS AND RIGHTWARDS ARROW
2303;ğŸ…±;\U0001f171;Emoji;3;0.753702885;0;3;0;2303;B button (blood type)
2359;ğŸŒ;\U0001f38c;Emoji;3;0.720638968;0;0;3;2359;crossed flags
779;â—£;\u25e3;Additional Character;3;0.1679015;0;2;1;779;BLACK LOWER LEFT TRIANGLE
2237;â¬;\u23ec;Emoji;3;0.798387097;0;0;3;2237;fast down button
869;â™­;\u266d;Additional Character;3;0.996296296;0;2;1;869;MUSIC FLAT SIGN
2349;ğŸ’ ;\U0001f4a0;Emoji;3;0.634782609;0;3;0;2349;diamond with a dot
546;â“;\u24de;Additional Character;2;0.334090909;0;0;2;546;CIRCLED LATIN SMALL LETTER O
2352;ğŸ”³;\U0001f533;Emoji;2;0.35921659;0;1;1;2352;white square button
1756;ğŸ­;\U0001f3ed;Emoji;2;0.620360999;0;1;1;1756;factory
2255;ğŸ”°;\U0001f530;Emoji;2;0.612218045;0;2;0;2255;Japanese symbol for beginner
1963;ğŸ³;\U0001f3b3;Emoji;2;0.031697819;1;1;0;1963;bowling
816;â˜š;\u261a;Additional Character;2;0.536679293;0;0;2;816;BLACK LEFT POINTING INDEX
1088;â½;\u27bd;Additional Character;2;0.872727273;0;1;1;1088;HEAVY WEDGE-TAILED RIGHTWARDS ARROW
1071;â«;\u27ab;Additional Character;2;0.22556391;0;1;1;1071;BACK-TILTED SHADOWED WHITE RIGHTWARDS ARROW
2264;â–;\u2796;Emoji;2;0.023088023;2;0;0;2264;heavy minus sign
2049;ğŸ®;\U0001f3ee;Emoji;2;0.949404762;0;2;0;2049;red paper lantern
2254;ğŸ“›;\U0001f4db;Emoji;2;0.964880952;0;2;0;2254;name badge
2468;ê’°;\ua4b0;Additional Character;2;0.744823477;0;1;1;2468;YI RADICAL SHY
2469;ê’±;\ua4b1;Additional Character;2;0.800983167;0;1;1;2469;YI RADICAL VEP
773;â—;\u25dd;Additional Character;2;0.847674607;1;1;0;773;UPPER RIGHT QUADRANT CIRCULAR ARC
2064;ğŸ“‘;\U0001f4d1;Emoji;2;0.557971014;0;0;2;2064;bookmark tabs
2242;ğŸ¦;\U0001f3a6;Emoji;2;0.796610169;0;2;0;2242;cinema
555;â“§;\u24e7;Additional Character;2;0.96;0;0;2;555;CIRCLED LATIN SMALL LETTER X
4101;ğŸ‡¨;\U0001f1e8;Additional Character;2;0.935606061;0;2;0;4101;REGIONAL INDICATOR SYMBOL LETTER C
4112;ğŸ‡³;\U0001f1f3;Additional Character;2;0.623484848;0;2;0;4112;REGIONAL INDICATOR SYMBOL LETTER N
2294;ğŸ”Ÿ;\U0001f51f;Emoji;2;0.801587302;0;0;2;2294;keycap: 10
1868;ã€“;\u3013;Additional Character;2;0.533898305;0;0;2;1868;GETA MARK
544;â“œ;\u24dc;Additional Character;2;0.743085399;0;1;1;544;CIRCLED LATIN SMALL LETTER M
1061;â ;\u27a0;Additional Character;2;0.642857143;0;0;2;1061;HEAVY DASHED TRIANGLE-HEADED RIGHTWARDS ARROW
1791;ğŸš†;\U0001f686;Emoji;2;0.472714286;0;1;1;1791;train
1842;ğŸš ;\U0001f6a0;Emoji;2;0.807469512;0;2;0;1842;mountain cableway
131;â„…;\u2105;Additional Character;2;0.606150794;2;0;0;131;CARE OF
1924;â˜ƒ;\u2603;Emoji;2;0.566037736;0;1;1;1924;snowman
1851;ğŸš½;\U0001f6bd;Emoji;2;0.69047619;0;0;2;1851;toilet
2115;ğŸ“;\U0001f4d0;Emoji;2;0.02970297;0;2;0;2115;triangular ruler
545;â“;\u24dd;Additional Character;2;0.393333333;0;0;2;545;CIRCLED LATIN SMALL LETTER N
1006;âœ®;\u272e;Additional Character;2;0.211711712;0;2;0;1006;HEAVY OUTLINED BLACK STAR
219;â‡¦;\u21e6;Additional Character;2;0.489955357;0;0;2;219;LEFTWARDS WHITE ARROW
462;ğŸ‘²;\U0001f472;Emoji;2;0.382655827;0;1;1;462;man with Chinese cap
1843;ğŸš¡;\U0001f6a1;Emoji;2;0.622505543;1;1;0;1843;aerial tramway
1943;ğŸ‘;\U0001f391;Emoji;2;0.309294872;0;2;0;1943;moon viewing ceremony
2043;ğŸ”¬;\U0001f52c;Emoji;2;0.727696078;0;0;2;2043;microscope
2265;â—;\u2797;Emoji;2;0.018722944;1;1;0;2265;heavy division sign
2106;ğŸ“ˆ;\U0001f4c8;Emoji;2;0.568724559;0;1;1;2106;chart increasing
253;âŒ˜;\u2318;Additional Character;2;0.613333333;0;2;0;253;PLACE OF INTEREST SIGN
2232;âª;\u23ea;Emoji;2;0.489035088;0;1;1;2232;fast reverse button
679;â•¹;\u2579;Additional Character;2;0.952380952;0;2;0;679;BOX DRAWINGS HEAVY UP
758;â—;\u25ce;Additional Character;2;0.925;0;0;2;758;BULLSEYE
2234;ğŸ”¼;\U0001f53c;Emoji;2;0.358974359;0;2;0;2234;upwards button
2458;ê’¦;\ua4a6;Additional Character;2;0.953125;2;0;0;2458;YI RADICAL GGUO
2112;ğŸ“;\U0001f4ce;Emoji;2;0.044776119;0;0;2;2112;paperclip
475;â‘…;\u2445;Additional Character;2;0.652173913;0;0;2;475;OCR BOW TIE
315;â;\u235d;Additional Character;2;0.776859504;0;2;0;315;APL FUNCTIONAL SYMBOL UP SHOE JOT
2098;ğŸ“;\U0001f4c1;Emoji;2;0.785714286;0;2;0;2098;file folder
1005;âœ­;\u272d;Additional Character;2;0.589285714;0;0;2;1005;OUTLINED BLACK STAR
1077;â²;\u27b2;Additional Character;2;0.009615385;0;2;0;1077;CIRCLED HEAVY WHITE RIGHTWARDS ARROW
2222;â™“;\u2653;Emoji;2;0.093023256;0;1;1;2222;Pisces
573;â”;\u250f;Additional Character;2;0.58778626;0;0;2;573;BOX DRAWINGS HEAVY DOWN AND RIGHT
802;â˜‡;\u2607;Additional Character;2;0.99382716;0;0;2;802;LIGHTNING
881;â™º;\u267a;Additional Character;2;0.175;0;2;0;881;RECYCLING SYMBOL FOR GENERIC MATERIALS
859;â™;\u265e;Additional Character;2;0.581967213;0;2;0;859;BLACK CHESS KNIGHT
55;à¿;\u0fce;Additional Character;2;0.232142857;2;0;0;55;TIBETAN SIGN RDEL NAG RDEL DKAR
2019;ğŸ“ ;\U0001f4e0;Emoji;2;1;0;2;0;2019;fax machine
1485;ğŸ‘˜;\U0001f458;Emoji;2;0.643678161;0;0;2;1485;kimono
2183;â†™;\u2199;Emoji;2;0.206766917;0;0;2;2183;down-left arrow
512;â’»;\u24bb;Additional Character;2;0.652777778;0;1;1;512;CIRCLED LATIN CAPITAL LETTER F
528;â“Œ;\u24cc;Additional Character;2;0.722222222;0;1;1;528;CIRCLED LATIN CAPITAL LETTER W
521;â“…;\u24c5;Additional Character;2;0.791666667;0;1;1;521;CIRCLED LATIN CAPITAL LETTER P
1865;ğŸ•‘;\U0001f551;Emoji;2;0.988407728;0;1;1;1865;two oâ€™clock
2028;ğŸ’½;\U0001f4bd;Emoji;1;0.566037736;0;1;0;2028;computer disk
1861;ğŸ•›;\U0001f55b;Emoji;1;1;0;0;1;1861;twelve oâ€™clock
1948;ğŸ«;\U0001f3ab;Emoji;1;0.452631579;0;1;0;1948;ticket
2211;â™ˆ;\u2648;Emoji;1;0.524590164;1;0;0;2211;Aries
2018;ğŸ“Ÿ;\U0001f4df;Emoji;1;0.991666667;0;1;0;2018;pager
129;â„ƒ;\u2103;Additional Character;1;0.2375;0;1;0;129;DEGREE CELSIUS
166;â†¬;\u21ac;Additional Character;1;0.806818182;0;0;1;166;RIGHTWARDS ARROW WITH LOOP
1867;ğŸ•’;\U0001f552;Emoji;1;0.039215686;0;1;0;1867;three oâ€™clock
4109;ğŸ‡°;\U0001f1f0;Additional Character;1;0.939393939;0;1;0;4109;REGIONAL INDICATOR SYMBOL LETTER K
170;â†±;\u21b1;Additional Character;1;0.537190083;0;1;0;170;UPWARDS ARROW WITH TIP RIGHTWARDS
1382;âœ;\u270d;Emoji;1;1;0;0;1;1382;writing hand
199;â‡;\u21d0;Additional Character;1;0.741007194;0;1;0;199;LEFTWARDS DOUBLE ARROW
1750;ğŸ¦;\U0001f3e6;Emoji;1;1;0;0;1;1750;bank
2348;ğŸ”»;\U0001f53b;Emoji;1;0.575757576;0;0;1;2348;red triangle pointed down
547;â“Ÿ;\u24df;Additional Character;1;0.05;0;0;1;547;CIRCLED LATIN SMALL LETTER P
537;â“•;\u24d5;Additional Character;1;0.1;0;0;1;537;CIRCLED LATIN SMALL LETTER F
540;â“˜;\u24d8;Additional Character;1;0.166666667;0;0;1;540;CIRCLED LATIN SMALL LETTER I
2155;â™¿;\u267f;Emoji;1;1;0;0;1;2155;wheelchair symbol
204;â‡—;\u21d7;Additional Character;1;0.761904762;0;0;1;204;NORTH EAST DOUBLE ARROW
205;â‡˜;\u21d8;Additional Character;1;0.857142857;0;0;1;205;SOUTH EAST DOUBLE ARROW
556;â“¨;\u24e8;Additional Character;1;0.613333333;0;0;1;556;CIRCLED LATIN SMALL LETTER Y
541;â“™;\u24d9;Additional Character;1;0.68;0;0;1;541;CIRCLED LATIN SMALL LETTER J
2336;â–«;\u25ab;Emoji;1;0.126760563;0;0;1;2336;white small square
1990;ğŸ”‡;\U0001f507;Emoji;1;1;0;0;1;1990;muted speaker
236;âŒƒ;\u2303;Additional Character;1;0.611940299;1;0;0;236;UP ARROWHEAD
2065;ğŸ”–;\U0001f516;Emoji;1;0.988888889;0;0;1;2065;bookmark
2060;ğŸ“œ;\U0001f4dc;Emoji;1;1;0;0;1;2060;scroll
2218;â™;\u264f;Emoji;1;0.772058824;0;1;0;2218;Scorpio
1796;ğŸš;\U0001f69d;Emoji;1;0.966666667;0;0;1;1796;monorail
2176;â˜¢;\u2622;Emoji;1;0.725;0;1;0;2176;radioactive
1941;ğŸ;\U0001f38f;Emoji;1;0.390243902;0;1;0;1941;carp streamer
582;â”˜;\u2518;Additional Character;1;0.909090909;1;0;0;582;BOX DRAWINGS LIGHT UP AND LEFT
2205;âœ;\u271d;Emoji;1;0.411764706;1;0;0;2205;latin cross
1037;â–;\u2756;Additional Character;1;0.581967213;0;1;0;1037;BLACK DIAMOND MINUS WHITE X
321;â£;\u2363;Additional Character;1;0.953125;1;0;0;321;APL FUNCTIONAL SYMBOL STAR DIAERESIS
2088;ğŸ“®;\U0001f4ee;Emoji;1;0.798319328;1;0;0;2088;postbox
1873;ğŸ••;\U0001f555;Emoji;1;0.646153846;1;0;0;1873;six oâ€™clock
4106;ğŸ‡­;\U0001f1ed;Additional Character;1;0.236363636;0;1;0;4106;REGIONAL INDICATOR SYMBOL LETTER H
772;â—œ;\u25dc;Additional Character;1;0.760330579;0;1;0;772;UPPER LEFT QUADRANT CIRCULAR ARC
2210;ğŸ”¯;\U0001f52f;Emoji;1;1;0;0;1;2210;dotted six-pointed star
1083;â¸;\u27b8;Additional Character;1;0.364963504;0;0;1;1083;HEAVY BLACK-FEATHERED RIGHTWARDS ARROW
2473;ê’µ;\ua4b5;Additional Character;1;0.927007299;0;0;1;2473;YI RADICAL JJY
1882;ğŸ•¥;\U0001f565;Emoji;1;0.811965812;1;0;0;1882;ten-thirty
854;â™™;\u2659;Additional Character;1;0.342857143;0;1;0;854;WHITE CHESS PAWN
745;â–¿;\u25bf;Additional Character;1;0.432835821;0;1;0;745;WHITE DOWN-POINTING SMALL TRIANGLE
888;âšƒ;\u2683;Additional Character;1;0.918918919;0;1;0;888;DIE FACE-4
1019;âœ½;\u273d;Additional Character;1;0.99270073;0;0;1;1019;HEAVY TEARDROP-SPOKED ASTERISK
2040;ğŸ“¼;\U0001f4fc;Emoji;1;1;0;0;1;2040;videocassette
1863;ğŸ•;\U0001f550;Emoji;1;1;1;0;0;1863;one oâ€™clock
1988;ğŸ€„;\U0001f004;Emoji;1;1;0;0;1;1988;mahjong red dragon
1020;âœ¾;\u273e;Additional Character;1;0.023255814;0;1;0;1020;SIX PETALLED BLACK AND WHITE FLORETTE
1004;âœ¬;\u272c;Additional Character;1;0.955223881;0;0;1;1004;BLACK CENTRE WHITE STAR
2304;ğŸ†‘;\U0001f191;Emoji;1;0.983606557;0;1;0;2304;CL button
1003;âœ«;\u272b;Additional Character;1;0.923728814;0;0;1;1003;OPEN CENTRE BLACK STAR
1871;ğŸ•”;\U0001f554;Emoji;1;0.742424242;1;0;0;1871;five oâ€™clock
1461;â£;\u2763;Emoji;1;0.471428571;0;0;1;1461;heavy heart exclamation
1076;â±;\u27b1;Additional Character;1;0.704347826;0;1;0;1076;NOTCHED UPPER RIGHT-SHADOWED WHITE RIGHTWARDS ARROW
2310;ğŸ†•;\U0001f195;Emoji;1;0.669117647;0;1;0;2310;NEW button
1062;â¢;\u27a2;Additional Character;1;0.242647059;0;1;0;1062;THREE-D TOP-LIGHTED RIGHTWARDS ARROWHEAD
2186;â†•;\u2195;Emoji;1;0.735632184;0;1;0;2186;up-down arrow
2084;ğŸ“«;\U0001f4eb;Emoji;1;0.384615385;0;0;1;2084;closed mailbox with raised flag
2323;ğŸ‰;\U0001f250;Emoji;1;0.03125;0;0;1;2323;Japanese â€œbargainâ€ button
2213;â™Š;\u264a;Emoji;1;0.327586207;0;1;0;2213;Gemini
2319;ğŸˆ‚;\U0001f202;Emoji;1;0.466666667;1;0;0;2319;Japanese â€œservice chargeâ€ button
1786;ğŸ°;\U0001f3b0;Emoji;1;0.421686747;1;0;0;1786;slot machine
3;Ò‚;\u0482;Additional Character;1;0.519230769;1;0;0;3;CYRILLIC THOUSANDS SIGN
658;â•¤;\u2564;Additional Character;1;0.634615385;1;0;0;658;BOX DRAWINGS DOWN SINGLE AND HORIZONTAL DOUBLE
1056;â›;\u279b;Additional Character;1;0.011627907;0;1;0;1056;DRAFTING POINT RIGHTWARDS ARROW
858;â™;\u265d;Additional Character;1;0.28;0;1;0;858;BLACK CHESS BISHOP
1031;â‹;\u274b;Additional Character;1;0.888888889;0;1;0;1031;HEAVY EIGHT TEARDROP-SPOKED PROPELLER ASTERISK
979;âœ†;\u2706;Additional Character;1;0.557251908;0;1;0;979;TELEPHONE LOCATION SIGN
2050;ğŸ“”;\U0001f4d4;Emoji;1;0.814814815;0;0;1;2050;notebook with decorative cover
